id_responsavel;id_contrato;usuario;funcao_id;portaria;data_inicio;data_fim;situacao
691157;10342;JOÃO PAULO GONZALEZ GONCALVES;Fiscal Titular;112/19;2019-11-21;;Ativo
691162;10342;ELVIS LEANDRO DOS SANTOS;Fiscal Substituto;112/2019;2019-11-21;;Ativo
427270;112143;EVERTON CAIRES DA SILVA;Gestor;PORTARIA Nº 020, DE 29 DE MARÇO DE 2023;2023-03-29;;Ativo
427273;112143;DIEGO RESENDE PACHECO;Gestor Substituto;PORTARIA Nº 020, DE 29 DE MARÇO DE 2023;2023-03-29;;Ativo
427282;112178;EVERTON CAIRES DA SILVA;Gestor;PORTARIA Nº 020, DE 29 DE MARÇO DE 2023;2023-03-29;;Ativo
475290;113995;CLAUDIA CAZETTA JERONIMO SALVATINO;Fiscal Substituto;PORTARIA Nº 52 DE 13 DE JULHO DE 2022;2022-07-13;2025-04-10;Inativo
532175;113995;JENIFER SERRA LINO;Gestor;PORTARIA Nº 24 DE 10 DE ABRIL DE 2025;2025-04-10;;Ativo
532179;113995;PEDRO JORGE CARDOSO DA SILVA RODRIGUES;Fiscal Titular;PORTARIA Nº 24 DE 10 DE ABRIL DE 2025;2025-04-10;;Ativo
532181;113995;JENIFER SERRA LINO;Fiscal Substituto;PORTARIA Nº 24 DE 10 DE ABRIL DE 2025;2025-04-10;;Ativo
475289;113995;PEDRO JORGE CARDOSO DA SILVA RODRIGUES;Fiscal Titular;PORTARIA Nº 52 DE 13 DE JULHO DE 2022;2022-07-13;2025-04-10;Inativo
532177;113995;PEDRO JORGE CARDOSO DA SILVA RODRIGUES;Gestor Substituto;PORTARIA Nº 24 DE 10 DE ABRIL DE 2025;2025-04-10;;Ativo
675586;119715;JOÃO PAULO GONZALEZ GONCALVES;Gestor;4/2026;2026-01-06;;Ativo
675588;119715;ELVIS LEANDRO DOS SANTOS;Gestor Substituto;4/2026;2026-01-06;;Ativo
675589;119715;THARLES MESQUITA ARAUJO;Fiscal Administrativo;4/2026;2026-01-06;;Ativo
675590;119715;ELVIS LEANDRO DOS SANTOS;Fiscal Técnico;4/2026;2026-01-06;;Ativo
675591;119715;MARCELO RIGOTTI;Fiscal Técnico Substituto;4/2026;2026-01-06;;Ativo
422819;119920;EVERTON CAIRES DA SILVA;Gestor;PORTARIA Nº 022, DE 29 DE MARÇO DE 2023;2023-03-29;;Ativo
688387;122806;JOÃO LUCAS DA COSTA SANTOS DE ALMEIDA;Fiscal Administrativo;2/2025;2025-01-13;;Ativo
688390;122806;ALLAN TONIAZZO DE MATOS;Fiscal Substituto;2/2025;2025-01-13;;Ativo
132933;127956;ERIKE DE CASTRO COSTA;Gestor;143;2022-02-15;;Ativo
132934;127956;LUIZ RICARDO JUNQUEIRA DE LIMA;Gestor Substituto;143;2022-02-15;;Ativo
132935;127956;JOEMAR MENDES REGO;Fiscal Setorial;143;2022-02-15;;Inativo
443869;129005;LAURA DE SOUZA FERNANDES RAMOS;Fiscal Setorial;RT 273/2024;2024-02-21;;Ativo
539452;131925;ALLAN TONIAZZO DE MATOS;Fiscal Titular;PORTARIA - PONTA PORÃ 947/2022 - PP-DIRGE/PP-IFMS/IFMS;2022-08-05;;Ativo
539453;131925;JOÃO LUCAS DA COSTA SANTOS DE ALMEIDA;Fiscal Substituto;PORTARIA - PONTA PORÃ 947/2022 - PP-DIRGE/PP-IFMS/IFMS;2022-08-05;;Ativo
656299;132571;GABRIELE DE ARRUDA CARDOSO;Fiscal Setorial;PORTARIA Nº 571 DE 30 DE MAIO DE 2025;2025-05-30;;Ativo
656300;132571;FABIANO DA ANUNCIAÇÃO CAMPOÇANO;Fiscal Setorial;PORTARIA Nº 571 DE 30 DE MAIO DE 2025;2025-05-30;;Ativo
656302;132571;JAQUELINE DA SILVA AMAZONAS;Fiscal Setorial Substituto;PORTARIA Nº 571 DE 30 DE MAIO DE 2025;2025-05-30;;Ativo
656304;132571;DILSON ALMEIDA DOS SANTOS;Fiscal Setorial Substituto;PORTARIA Nº 571 DE 30 DE MAIO DE 2025;2025-05-30;;Ativo
656305;132571;MARCOS ROBERTO OSHIRO;Fiscal Setorial Substituto;PORTARIA Nº 571 DE 30 DE MAIO DE 2025;2025-05-30;;Ativo
656293;132571;JOAO OTAVIO CENEDEZI PIMENTA;Gestor;PORTARIA Nº 571 DE 30 DE MAIO DE 2025;2025-05-30;;Ativo
656295;132571;MARIANE LETICIA LEITE DA CRUZ COSTA;Gestor Substituto;PORTARIA Nº 571 DE 30 DE MAIO DE 2025;2025-05-30;;Ativo
656297;132571;JOVACI ALVES DE NOVAIS;Fiscal Setorial;PORTARIA Nº 571 DE 30 DE MAIO DE 2025;2025-05-30;;Ativo
462104;133054;MARCOS SANDRO FIGUEIREDO ZACARIAS;Fiscal Técnico;PORTARIA Nº 180 DE 14 DE FEVEREIRO DE 2025;2025-02-14;;Ativo
659198;133252;LUIZ RICARDO JUNQUEIRA DE LIMA;Fiscal Técnico;PORTARIA Nº 1502, DE 16 DE DEZEMBRO DE 2024;2024-12-16;;Ativo
659209;133252;VINICIUS PEREIRA BARRETO;Fiscal Técnico Substituto;PORTARIA Nº 1502, DE 16 DE DEZEMBRO DE 2024;2024-12-16;;Ativo
659201;133252;ERIKE DE CASTRO COSTA;Fiscal Técnico Substituto;PORTARIA Nº 1502, DE 16 DE DEZEMBRO DE 2024;2024-12-16;;Ativo
659222;133252;ELVIS LEANDRO DOS SANTOS;Fiscal Técnico;PORTARIA Nº 1502, DE 16 DE DEZEMBRO DE 2024;2024-12-16;;Ativo
659215;133252;JOVACI ALVES DE NOVAIS;Fiscal Técnico;PORTARIA Nº 1502, DE 16 DE DEZEMBRO DE 2024;2024-12-16;;Ativo
659187;133252;SUELY LOPES RODRIGUES;Gestor Substituto;PORTARIA Nº 1502, DE 16 DE DEZEMBRO DE 2024;2024-12-16;;Ativo
659205;133252;MARIA LUISA DA COSTA MARQUES;Fiscal Técnico Substituto;PORTARIA Nº 1502, DE 16 DE DEZEMBRO DE 2024;2024-12-16;;Ativo
659216;133252;JAQUELINE DA SILVA AMAZONAS;Fiscal Técnico Substituto;PORTARIA Nº 1502, DE 16 DE DEZEMBRO DE 2024;2024-12-16;;Ativo
659217;133252;EVERTON CAIRES DA SILVA;Fiscal Técnico;PORTARIA Nº 1502, DE 16 DE DEZEMBRO DE 2024;2024-12-16;;Ativo
659479;133252;RODRIGO MARTINS DE ALMEIDA;Fiscal Técnico;PORTARIA Nº 1502, DE 16 DE DEZEMBRO DE 2024;2024-12-16;;Ativo
659480;133252;FAGNER LOPES THEODORO;Fiscal Técnico Substituto;PORTARIA Nº 1502, DE 16 DE DEZEMBRO DE 2024;2024-12-16;;Ativo
659826;133252;ROSEMARY CONCEIÇÃO MEDINA BARBOSA;Gestor;PORTARIA Nº 1502, DE 16 DE DEZEMBRO DE 2024;2024-12-16;;Ativo
659829;133252;JOÃO PAULO GONZALEZ GONCALVES;Fiscal Técnico;PORTARIA Nº 1502, DE 16 DE DEZEMBRO DE 2024;2024-12-16;;Ativo
461793;134936;ALEXANDRE DA SILVA HASSAN;Fiscal Setorial;CT 6/2022;2025-02-20;;Ativo
663491;134936;CELLY NATALY CAVALCANTE DE SOUZA;Gestor Substituto;110/2025;2025-11-28;;Ativo
663492;134936;LAURA DE SOUZA FERNANDES RAMOS;Gestor;110/2025;2025-11-28;;Ativo
663496;134936;GABRIEL SOUZA CAVALCANTE DE MAGALHÃES;Fiscal Requisitante;110/2025;2025-11-28;;Ativo
421276;140347;GLAUBER CORREA DA COSTA FLORES RIBEIRO DE CARVALHO;Gestor;PORTARIA Nº 1, DE 7 DE JANEIRO DE 2025;2025-01-07;;Ativo
421286;140347;CELLY NATALY CAVALCANTE DE SOUZA;Gestor Substituto;PORTARIA Nº 1, DE 7 DE JANEIRO DE 2025;2025-01-07;;Ativo
421291;140347;ALEXANDRE DA SILVA HASSAN;Fiscal Técnico;PORTARIA Nº 1, DE 7 DE JANEIRO DE 2025;2025-01-07;;Ativo
422152;144649;EDUARDO RODRIGUES VIEIRA;Fiscal Titular;PORTARIA Nº 526 DE 11 DE MAIO DE 2022;2022-05-11;;Ativo
422158;144649;JULIANA SOUZA DO NASCIMENTO;Fiscal Substituto;PORTARIA Nº 526 DE 11 DE MAIO DE 2022;2022-05-11;;Ativo
681047;145522;JERILLY PAULA SOUTO;Fiscal Titular;PORTARIA Nº 476 DE 28 DE MARÇO DE 2024;2024-03-28;;Ativo
681050;145522;MARCELO KENDY AZEVEDO TOME;Fiscal Substituto;PORTARIA Nº 476 DE 28 DE MARÇO DE 2024;2024-03-28;;Ativo
422710;148393;EDUARDO RODRIGUES VIEIRA;Fiscal Titular;PORTARIA Nº 067, DE 13 DE JUNHO DE 2022;2022-06-13;;Ativo
422716;148393;JULIANA SOUZA DO NASCIMENTO;Fiscal Substituto;PORTARIA Nº 067, DE 13 DE JUNHO DE 2022;2022-06-13;;Ativo
429299;156820;EDUARDO RODRIGUES VIEIRA;Fiscal Titular;PORTARIA Nº 090, DE 18 DE AGOSTO DE 2022;2022-08-18;;Ativo
429302;156820;JULIANA SOUZA DO NASCIMENTO;Fiscal Substituto;PORTARIA Nº 090, DE 18 DE AGOSTO DE 2022;2022-08-18;;Ativo
675580;157052;JOÃO PAULO GONZALEZ GONCALVES;Fiscal Técnico;53/2024;2024-08-02;;Ativo
675571;157052;ELVIS LEANDRO DOS SANTOS;Gestor;53/2024;2024-08-02;;Ativo
547468;158521;WAGNER SOUZA PRADO;Fiscal Administrativo;CB 448/2024;2024-03-21;;Ativo
547469;158521;LAURA DE SOUZA FERNANDES RAMOS;Gestor;CB 448/2024;2024-03-21;;Ativo
547470;158521;CELLY NATALY CAVALCANTE DE SOUZA;Gestor Substituto;CB 448/2024;2024-03-21;;Ativo
547471;158521;WAGNER SOUZA PRADO;Fiscal Técnico;CB 448/2024;2024-03-21;;Ativo
460172;158780;GILBERTO LUIS SOARES LIMA;Responsável no Setor Financeiro;PORTARIA Nº 123 DE 7 DE FEVEREIRO DE 2019;2019-02-07;;Ativo
680705;160257;FABIO HENRIQUE NOBORU ABE;Fiscal Administrativo;PORTARIA Nº 9 DE 8 DE JANEIRO DE 2026;2026-01-08;;Ativo
680707;160257;ROSIANY AMORIM BENTO DA SILVA ALMEIDA;Fiscal Setorial Substituto;PORTARIA Nº 9 DE 8 DE JANEIRO DE 2026;2026-01-08;;Ativo
680709;160257;FABIO HENRIQUE NOBORU ABE;Fiscal Setorial;PORTARIA Nº 9 DE 8 DE JANEIRO DE 2026;2026-01-08;;Ativo
467060;160257;WAGNER SOUZA PRADO;Gestor;RT 404/2023;2023-04-17;2025-06-23;Inativo
658933;160257;DANIEL COLMAN SANABRIA;Gestor;PORTARIA Nº 643 DE 23 DE JUNHO DE 2025;2025-06-23;2026-01-08;Inativo
672552;160257;DANIEL COLMAN SANABRIA;Gestor;PORTARIA Nº 9 DE 8 DE JANEIRO DE 2026;2026-01-09;;Ativo
672556;160257;WAGNER SOUZA PRADO;Gestor Substituto;PORTARIA Nº 9 DE 8 DE JANEIRO DE 2026;2026-01-09;;Ativo
658935;160257;WAGNER SOUZA PRADO;Gestor Substituto;PORTARIA Nº 643 DE 23 DE JUNHO DE 2025;2025-06-23;2026-01-08;Inativo
658937;160257;LAUTER REGIS DE AMORIM;Fiscal Administrativo Substituto;PORTARIA Nº 643 DE 23 DE JUNHO DE 2025;2025-06-23;2026-01-08;Inativo
467056;160257;LAUTER REGIS DE AMORIM;Fiscal Administrativo Substituto;RT 643/2025;2025-06-23;2026-01-08;Inativo
658938;160257;KÁTIA EL HAGE FERREIRA;Fiscal Setorial;PORTARIA Nº 643 DE 23 DE JUNHO DE 2025;2025-06-23;2026-01-08;Inativo
672563;160257;LAUTER REGIS DE AMORIM;Fiscal Administrativo Substituto;PORTARIA Nº 9 DE 8 DE JANEIRO DE 2026;2026-01-08;;Ativo
672574;160257;WESLLEY  DA SILVA PEREIRA DE ALMEIDA;Fiscal Administrativo Substituto;PORTARIA Nº 9 DE 8 DE JANEIRO DE 2026;2026-01-08;;Ativo
672576;160257;KÁTIA EL HAGE FERREIRA;Fiscal Setorial;PORTARIA Nº 9 DE 8 DE JANEIRO DE 2026;2026-01-08;;Ativo
672580;160257;WESLLEY  DA SILVA PEREIRA DE ALMEIDA;Fiscal Setorial Substituto;PORTARIA Nº 9 DE 8 DE JANEIRO DE 2026;2026-01-08;;Ativo
680702;160257;ROSIANY AMORIM BENTO DA SILVA ALMEIDA;Fiscal Administrativo;PORTARIA Nº 9 DE 8 DE JANEIRO DE 2026;2026-01-08;;Ativo
498009;163844;LUIZ RICARDO JUNQUEIRA DE LIMA;Fiscal Setorial;949, DE 19 DE JULHO DE 2024;2024-07-19;;Ativo
498010;163844;DANILO TOFOLI;Fiscal Setorial Substituto;949, DE 19 DE JULHO DE 2024;2024-07-19;;Ativo
498013;163856;VERONICA VANELI PAGNAN;Fiscal Administrativo;1411 DE 8 DE NOVEMBRO DE 2024;2024-11-08;;Ativo
498017;163856;LUCILEIDE RODRIGUES FURTADO;Fiscal Administrativo Substituto;1411 DE 8 DE NOVEMBRO DE 2024;2024-11-08;;Ativo
498022;163856;RICARDO VIEIRA DE LIMA;Fiscal Setorial;1411 DE 8 DE NOVEMBRO DE 2024;2024-11-08;;Ativo
498025;163856;VERA LUCIA DE OLIVEIRA SONCHINE;Fiscal Setorial;1411 DE 8 DE NOVEMBRO DE 2024;2024-11-08;;Ativo
498027;163856;BERNALDO LUIZ DE SOUZA;Fiscal Setorial Substituto;1411 DE 8 DE NOVEMBRO DE 2024;2024-11-08;;Ativo
498030;163856;WESLEY CORREA DA SILVA;Fiscal Setorial Substituto;1411 DE 8 DE NOVEMBRO DE 2024;2024-11-08;;Ativo
475647;164359;JOVACI ALVES DE NOVAIS;Gestor Substituto;PORTARIA Nº 93 DE 7 DE OUTUBRO DE 2024;2024-10-07;2025-06-06;Inativo
475648;164359;JAQUELINE DA SILVA AMAZONAS;Gestor Substituto;PORTARIA Nº 93 DE 7 DE OUTUBRO DE 2024;2024-10-07;2025-06-06;Inativo
475650;164359;JAQUELINE DA SILVA AMAZONAS;Fiscal Administrativo;PORTARIA Nº 93 DE 7 DE OUTUBRO DE 2024;2024-10-07;2025-06-06;Inativo
475645;164359;JENIFER SERRA LINO;Gestor;PORTARIA Nº 93 DE 7 DE OUTUBRO DE 2024;2024-10-07;2025-06-06;Inativo
475656;164359;JAQUELINE DA SILVA AMAZONAS;Fiscal Técnico;PORTARIA Nº 93 DE 7 DE OUTUBRO DE 2024;2024-10-07;2025-06-06;Inativo
475652;164359;JOVACI ALVES DE NOVAIS;Fiscal Administrativo Substituto;PORTARIA Nº 93 DE 7 DE OUTUBRO DE 2024;2024-10-07;2025-06-06;Inativo
475663;164359;JOVACI ALVES DE NOVAIS;Fiscal Substituto;PORTARIA Nº 93 DE 7 DE OUTUBRO DE 2024;2024-10-07;2025-06-06;Inativo
526149;164359;DANIEL COLMAN SANABRIA;Fiscal Técnico;PORTARIA Nº 53 DE 6 DE JUNHO DE 2025;2025-06-06;2026-01-26;Inativo
526151;164359;JOVACI ALVES DE NOVAIS;Fiscal Técnico Substituto;PORTARIA Nº 53 DE 6 DE JUNHO DE 2025;2025-06-06;2026-01-26;Inativo
526143;164359;JENIFER SERRA LINO;Gestor;PORTARIA Nº 53 DE 6 DE JUNHO DE 2025;2025-06-06;2026-01-26;Inativo
526146;164359;DANIEL COLMAN SANABRIA;Fiscal Administrativo;PORTARIA Nº 53 DE 6 DE JUNHO DE 2025;2025-06-06;2026-01-26;Inativo
526145;164359;MICHELL MARTINS LOPES;Gestor Substituto;PORTARIA Nº 53 DE 6 DE JUNHO DE 2025;2025-06-06;2026-01-26;Inativo
526147;164359;JOVACI ALVES DE NOVAIS;Fiscal Administrativo Substituto;PORTARIA Nº 53 DE 6 DE JUNHO DE 2025;2025-06-06;2026-01-26;Inativo
679849;164359;JENIFER SERRA LINO;Gestor;PORTARIA Nº 4 DE 26 DE JANEIRO DE 2026;2026-01-26;;Ativo
679850;164359;MICHELL MARTINS LOPES;Gestor Substituto;PORTARIA Nº 4 DE 26 DE JANEIRO DE 2026;2026-01-26;;Ativo
679851;164359;DANIEL COLMAN SANABRIA;Fiscal Administrativo;PORTARIA Nº 4 DE 26 DE JANEIRO DE 2026;2026-01-26;;Ativo
679852;164359;CLAUDIA CAZETTA JERONIMO SALVATINO;Fiscal Administrativo Substituto;PORTARIA Nº 4 DE 26 DE JANEIRO DE 2026;2026-01-26;;Ativo
679853;164359;CLAUDIA CAZETTA JERONIMO SALVATINO;Fiscal Técnico;PORTARIA Nº 4 DE 26 DE JANEIRO DE 2026;2026-01-26;;Ativo
679854;164359;DANIEL COLMAN SANABRIA;Fiscal Técnico Substituto;PORTARIA Nº 4 DE 26 DE JANEIRO DE 2026;2026-01-26;;Ativo
444522;172217;RONALDO NUNES;Responsável no Setor Financeiro;PORTARIA Nº 1208 DE 05 DE OUTUBRO DE 2023;2023-10-05;;Ativo
688342;174778;ELVIS LEANDRO DOS SANTOS;Gestor;01/2023;2023-01-05;;Ativo
688346;174778;LUCIANO RIVAS COSTA;Fiscal Administrativo;01/2023;2023-01-05;;Ativo
688348;174778;MARCELO RIGOTTI;Fiscal Substituto;01/2023;2023-01-05;;Ativo
656286;179490;HELTON MARTINS ARAUJO;Fiscal Titular;PORTARIA Nº 497 DE 5 DE MAIO DE 2023;2023-05-05;;Ativo
656287;179490;CLÁUDIO DE LIMA FONTOURA JÚNIOR;Fiscal Substituto;PORTARIA Nº 497 DE 5 DE MAIO DE 2023;2023-05-05;;Ativo
680764;183416;JOAO OTAVIO CENEDEZI PIMENTA;Gestor;PORTARIA Nº 808, DE 8 DE AGOSTO DE 2025;2025-08-08;;Ativo
680865;183416;JOSE ANCELMO PAULINO SOBRINHO;Fiscal Setorial Substituto;PORTARIA Nº 808, DE 8 DE AGOSTO DE 2025;2025-08-08;;Ativo
680765;183416;MARIANE LETICIA LEITE DA CRUZ COSTA;Gestor Substituto;PORTARIA Nº 808, DE 8 DE AGOSTO DE 2025;2025-08-08;;Ativo
680863;183416;ROSANA CRISTINA DE AZEVEDO;Fiscal Setorial;PORTARIA Nº 808, DE 8 DE AGOSTO DE 2025;2025-08-08;;Ativo
680906;186876;MATHEUS JARDIM GUERREIRO DA SILVA;Fiscal Técnico Substituto;PORTARIA Nº 417 DE 19 DE ABRIL DE 2023;2023-04-19;;Ativo
680897;186876;SUELY LOPES RODRIGUES;Gestor;PORTARIA Nº 417 DE 19 DE ABRIL DE 2023;2023-04-19;;Ativo
491761;189095;GLAUBER CORREA DA COSTA FLORES RIBEIRO DE CARVALHO;Fiscal Técnico;REITORIA 1523/2024 - PORTA/RT-GABIN/RT/IFMS.;2025-02-07;;Ativo
491764;189095;GLAUBER CORREA DA COSTA FLORES RIBEIRO DE CARVALHO;Gestor Substituto;REITORIA 1523/2024 - PORTA/RT-GABIN/RT/IFMS.;2025-02-07;;Ativo
453797;189095;CELLY NATALY CAVALCANTE DE SOUZA;Fiscal Administrativo;328/2024;2024-02-28;;Ativo
453799;189095;KÁTIA EL HAGE FERREIRA;Fiscal Técnico;328/2024;2024-02-28;;Ativo
475173;189314;JENIFER SERRA LINO;Gestor;PORTARIA Nº 99 DE 24 DE OUTUBRO DE 2024;2024-10-24;;Ativo
475174;189314;MICHELL MARTINS LOPES;Gestor Substituto;PORTARIA Nº 99 DE 24 DE OUTUBRO DE 2024;2024-10-24;;Ativo
475183;189314;CLAUDIA CAZETTA JERONIMO SALVATINO;Fiscal Administrativo;PORTARIA Nº 99 DE 24 DE OUTUBRO DE 2024;2024-10-24;;Ativo
475185;189314;PAULA RENATA CAMESCHI DE SOUZA;Fiscal Técnico Substituto;PORTARIA Nº 99 DE 24 DE OUTUBRO DE 2024;2024-10-24;;Ativo
475187;189314;CLAUDIA CAZETTA JERONIMO SALVATINO;Fiscal Técnico;PORTARIA Nº 99 DE 24 DE OUTUBRO DE 2024;2024-10-24;;Ativo
475188;189314;PAULA RENATA CAMESCHI DE SOUZA;Fiscal Técnico Substituto;PORTARIA Nº 99 DE 24 DE OUTUBRO DE 2024;2024-10-24;;Ativo
475176;189314;ALINE DA SILVA RIBEIRO PEREIRA;Gestor Substituto;PORTARIA Nº 99 DE 24 DE OUTUBRO DE 2024;2024-10-24;;Inativo
680978;189331;EDUARDO RODRIGUES VIEIRA;Fiscal Titular;PORTARIA Nº 410 DE 18 DE ABRIL DE 2023;2023-04-18;;Ativo
680979;189331;JULIANA SOUZA DO NASCIMENTO;Fiscal Substituto;PORTARIA Nº 410 DE 18 DE ABRIL DE 2023;2023-04-18;;Ativo
410569;189936;MARIANE LETICIA LEITE DA CRUZ COSTA;Gestor;34/2024;2024-03-06;;Ativo
560783;191044;GUSTAVO MEDINA ARAUJO;Gestor;PORTARIA Nº 158, DE 10 DE DEZEMBRO DE 2025;2025-08-04;;Ativo
560784;191044;RODRIGO DOS SANTOS ANGELINO;Gestor Substituto;PORTARIA Nº 158, DE 10 DE DEZEMBRO DE 2025;2025-08-04;;Ativo
560786;191044;FLAVIANE PARREIRA PEREIRA ALVES;Gestor;PORTARIA Nº 158, DE 10 DE DEZEMBRO DE 2025;2025-08-04;;Ativo
560795;191044;GUTEMBERK NAVARRO INZABRAL;Fiscal Técnico;PORTARIA Nº 158, DE 10 DE DEZEMBRO DE 2025;2025-08-04;;Ativo
681020;191318;RONALDO AQUINO;Gestor;PORTARIA Nº 705, DE 11 DE JULHO DE 2025;2025-07-11;;Ativo
681023;191318;SUELY LOPES RODRIGUES;Gestor Substituto;PORTARIA Nº 705, DE 11 DE JULHO DE 2025;2025-07-11;;Ativo
681034;191318;MATHEUS JARDIM GUERREIRO DA SILVA;Fiscal Setorial;PORTARIA Nº 705, DE 11 DE JULHO DE 2025;2025-07-11;;Ativo
681039;191318;REGINALDO SOUZA OLIVEIRA;Fiscal Setorial Substituto;PORTARIA Nº 705, DE 11 DE JULHO DE 2025;2025-07-11;;Ativo
600234;192467;FERNANDA PERALTA MARCONDES DROPPA;Gestor;PORTARIA Nº 979, DE 23 DE SETEMBRO DE 2025;2025-09-23;;Ativo
600236;192467;SUELY LOPES RODRIGUES;Gestor Substituto;PORTARIA Nº 979, DE 23 DE SETEMBRO DE 2025;2025-09-23;;Ativo
600238;192467;CARLOS APARECIDO DE ALMEIDA;Fiscal Setorial;PORTARIA Nº 979, DE 23 DE SETEMBRO DE 2025;2025-09-23;;Ativo
600239;192467;EVERTON CAIRES DA SILVA;Fiscal Setorial;PORTARIA Nº 979, DE 23 DE SETEMBRO DE 2025;2025-09-23;;Ativo
600606;192467;JOVACI ALVES DE NOVAIS;Fiscal Setorial;PORTARIA - REITORIA 979/2025 - PORTA/RT-GABIN/RT/IFMS;2025-09-23;;Ativo
600609;192467;VANESSA DOS SANTOS FERREIRA;Fiscal Setorial Substituto;PORTARIA - REITORIA 979/2025 - PORTA/RT-GABIN/RT/IFMS;2025-09-23;;Ativo
497994;193505;VERONICA VANELI PAGNAN;Fiscal Administrativo;1410 DE 8 DE NOVEMBRO DE 2024;2024-11-08;;Ativo
497996;193505;ELISANGELA TORRES MELO;Fiscal Administrativo Substituto;1410 DE 8 DE NOVEMBRO DE 2024;2024-11-08;;Ativo
497998;193505;LUIZ RICARDO JUNQUEIRA DE LIMA;Fiscal Setorial;1410 DE 8 DE NOVEMBRO DE 2024;2024-11-08;;Ativo
498004;193505;JOSE APARECIDO SILVA DE JESUS;Fiscal Setorial Substituto;1410 DE 8 DE NOVEMBRO DE 2024;2024-11-08;;Ativo
539438;206208;JOÃO LUCAS DA COSTA SANTOS DE ALMEIDA;Gestor;PORTARIA - PONTA PORÃ 6/2024 - PP-DIRGE/PP-IFMS/IFMS;2024-01-26;;Ativo
539441;206208;LUÍS VITOR NEVES DE OLIVEIRA;Fiscal Titular;PORTARIA - PONTA PORÃ 6/2024 - PP-DIRGE/PP-IFMS/IFMS;2024-01-26;;Ativo
539901;206208;ALLAN TONIAZZO DE MATOS;Fiscal Substituto;PORTARIA - PONTA PORÃ 6/2024 - PP-DIRGE/PP-IFMS/IFMS;2024-01-26;;Ativo
539444;206208;NATALIA THAIS GONCALVES KOIYAMA;Gestor Substituto;PORTARIA - PONTA PORÃ 6/2024 - PP-DIRGE/PP-IFMS/IFMS;2024-01-26;2026-02-12;Ativo
226485;206596;MARCÍLIO MOTA DE DEUS SOUZA;Responsável no Setor de Contratos;763/2019;2019-07-29;;Ativo
257317;206596;MARLON ACOSTA FLORES;Gestor;61/2023;2023-08-18;;Ativo
526290;208144;CLAUDIA CAZETTA JERONIMO SALVATINO;Fiscal Técnico;PORTARIA Nº 60 DE 12 DE JULHO DE 2024;2024-07-12;;Ativo
526291;208144;CLAUDIA CAZETTA JERONIMO SALVATINO;Fiscal Administrativo;PORTARIA Nº 60 DE 12 DE JULHO DE 2024;2024-07-12;;Ativo
526292;208144;PAULA RENATA CAMESCHI DE SOUZA;Fiscal Técnico Substituto;PORTARIA Nº 60 DE 12 DE JULHO DE 2024;2024-07-12;;Ativo
526293;208144;PAULA RENATA CAMESCHI DE SOUZA;Fiscal Administrativo Substituto;PORTARIA Nº 60 DE 12 DE JULHO DE 2024;2024-07-12;;Ativo
526294;208144;JENIFER SERRA LINO;Gestor;PORTARIA Nº 60 DE 12 DE JULHO DE 2024;2024-07-12;;Ativo
526295;208144;MICHELL MARTINS LOPES;Gestor Substituto;PORTARIA Nº 60 DE 12 DE JULHO DE 2024;2024-07-12;;Ativo
432800;223018;FABIOLA CLARA VELASQUEZ FERRAZ;Fiscal Técnico Substituto;06/2024 CB;2024-01-26;;Ativo
432801;223018;ALEXANDRE DA SILVA HASSAN;Fiscal Técnico Substituto;06/2024 CB;2024-01-26;;Ativo
432802;223018;CELLY NATALY CAVALCANTE DE SOUZA;Fiscal Administrativo;06/2024 CB;2024-01-26;;Ativo
432803;223018;CELLY NATALY CAVALCANTE DE SOUZA;Gestor;06/2024 CB;2024-01-26;;Ativo
469741;229546;WALDIRENE MIGUEL DIAS DA SILVA;Fiscal Setorial Substituto;RT 209/2025;2025-02-21;;Ativo
496976;229546;TASSIO CASSIANO GARCIA MOURAO;Fiscal Setorial;RT 209/2025;2025-02-21;;Ativo
496977;229546;ELISANGELA TORRES MELO;Fiscal Setorial Substituto;RT 209/2025;2025-02-21;;Ativo
496251;229546;MANOELA MARQUES NOVO;Fiscal Administrativo;RT 209/2025;2025-02-21;;Ativo
532535;229546;DENIZE DOMINGUES TIBA;Fiscal Setorial;RT 209/2025;2025-02-21;;Ativo
526278;233894;WESLLEY  DA SILVA PEREIRA DE ALMEIDA;Fiscal Titular;PORTARIA Nº 1 DE 30 DE JANEIRO DE 2024;2024-01-30;2024-07-12;Inativo
532222;233894;JIULIANO BELTRAME;Fiscal Substituto;PORTARIA Nº 59 DE 12 DE JULHO DE 2024;2024-01-30;2024-07-12;Inativo
526285;233894;WESLLEY  DA SILVA PEREIRA DE ALMEIDA;Fiscal Técnico;PORTARIA Nº 59 DE 12 DE JULHO DE 2024;2024-07-12;2025-10-09;Inativo
526572;233894;JIULIANO BELTRAME;Fiscal Administrativo;PORTARIA Nº 59 DE 12 DE JULHO DE 2024;2024-07-12;2025-10-09;Inativo
526289;233894;JENIFER SERRA LINO;Gestor;PORTARIA Nº 59 DE 12 DE JULHO DE 2024;2024-07-12;2025-10-09;Inativo
526573;233894;JIULIANO BELTRAME;Fiscal Técnico Substituto;PORTARIA Nº 59 DE 12 DE JULHO DE 2024;2024-07-12;2025-10-09;Inativo
526288;233894;JAQUELINE DA SILVA AMAZONAS;Gestor Substituto;PORTARIA Nº 59 DE 12 DE JULHO DE 2024;2024-07-12;2025-10-09;Inativo
526287;233894;WESLLEY  DA SILVA PEREIRA DE ALMEIDA;Fiscal Administrativo Substituto;PORTARIA Nº 59 DE 12 DE JULHO DE 2024;2024-07-12;2025-10-09;Inativo
616100;233894;WESLLEY  DA SILVA PEREIRA DE ALMEIDA;Fiscal Técnico;PORTARIA Nº 98 DE 9 DE OUTUBRO DE 2025;2025-10-09;;Ativo
616101;233894;WESLLEY  DA SILVA PEREIRA DE ALMEIDA;Fiscal Administrativo;PORTARIA Nº 98 DE 9 DE OUTUBRO DE 2025;2025-10-09;;Ativo
616103;233894;JIULIANO BELTRAME;Fiscal Administrativo Substituto;PORTARIA Nº 98 DE 9 DE OUTUBRO DE 2025;2025-10-09;;Ativo
616105;233894;JIULIANO BELTRAME;Fiscal Técnico Substituto;PORTARIA Nº 98 DE 9 DE OUTUBRO DE 2025;2025-10-09;;Ativo
616106;233894;DANIEL COLMAN SANABRIA;Gestor;PORTARIA Nº 98 DE 9 DE OUTUBRO DE 2025;2025-10-09;;Ativo
616107;233894;JENIFER SERRA LINO;Gestor Substituto;PORTARIA Nº 98 DE 9 DE OUTUBRO DE 2025;2025-10-09;;Ativo
680973;235728;MARCOS ROBERTO OSHIRO;Fiscal Técnico;PORTARIA Nº 480 DE 8 DE MAIO DE 2025;2025-05-08;;Ativo
680975;235728;ALEXANDRE ZANELLA;Fiscal Técnico Substituto;PORTARIA Nº 480 DE 8 DE MAIO DE 2025;2025-05-08;;Ativo
680976;235728;FABIANO DA ANUNCIAÇÃO CAMPOÇANO;Gestor;PORTARIA Nº 480 DE 8 DE MAIO DE 2025;2025-05-08;;Ativo
680977;235728;DIEGO TADEU DA SILVA;Gestor Substituto;PORTARIA Nº 480 DE 8 DE MAIO DE 2025;2025-05-08;;Ativo
656289;242123;JEFERSON VELASQUES RODRIGUES;Fiscal Titular;PORTARIA Nº 59 DE 11 DE JANEIRO DE 2024;2024-01-11;;Ativo
656290;242123;IGOR SEBASTIAN ASILVEIRA DE MATTOS;Fiscal Substituto;PORTARIA Nº 59 DE 11 DE JANEIRO DE 2024;2024-01-11;;Ativo
497987;243125;LUIZ RICARDO JUNQUEIRA DE LIMA;Fiscal Setorial;1457, DE 28 DE NOVEMBRO DE 2024;2024-11-28;;Ativo
497989;243125;SANDRA DA SILVA COSTA;Fiscal Setorial Substituto;1457, DE 28 DE NOVEMBRO DE 2024;2024-11-28;;Ativo
532227;243125;LUIZ RICARDO JUNQUEIRA DE LIMA;Fiscal Setorial;PORTARIA Nº 1457, DE 28 DE NOVEMBRO DE 2024;2024-11-28;;Ativo
532228;243125;CARLOS APARECIDO DE ALMEIDA;Fiscal Setorial;PORTARIA Nº 1457, DE 28 DE NOVEMBRO DE 2024;2024-11-28;;Ativo
532229;243125;MARIA LUISA DA COSTA MARQUES;Fiscal Setorial;PORTARIA Nº 1457, DE 28 DE NOVEMBRO DE 2024;2024-11-28;;Ativo
532233;243125;DILSON ALMEIDA DOS SANTOS;Fiscal Setorial Substituto;PORTARIA Nº 1457, DE 28 DE NOVEMBRO DE 2024;2024-11-28;;Ativo
532235;243125;SANDRA DA SILVA COSTA;Fiscal Setorial Substituto;PORTARIA Nº 1457, DE 28 DE NOVEMBRO DE 2024;2024-11-28;;Ativo
532237;243125;JANAINA MARA PACCO MENDES;Fiscal Setorial Substituto;PORTARIA Nº 1457, DE 28 DE NOVEMBRO DE 2024;2024-11-28;;Ativo
532238;243125;MARCOS SANDRO FIGUEIREDO ZACARIAS;Fiscal Setorial Substituto;PORTARIA Nº 1457, DE 28 DE NOVEMBRO DE 2024;2024-11-28;;Ativo
532399;243125;GUTEMBERK NAVARRO INZABRAL;Fiscal Setorial;PORTARIA Nº 1457, DE 28 DE NOVEMBRO DE 2024;2024-11-28;;Ativo
532400;243125;JOAQUIM DOUGLAS BENITES VAZ BOTELHO;Fiscal Setorial;PORTARIA Nº 1457, DE 28 DE NOVEMBRO DE 2024;2024-11-28;;Ativo
532405;243125;RICARDO CARVALHO ANDRADE;Fiscal Setorial;PORTARIA Nº 1457, DE 28 DE NOVEMBRO DE 2024;2024-11-28;;Ativo
532407;243125;RICARDO DE CARVALHO;Fiscal Setorial Substituto;PORTARIA Nº 1457, DE 28 DE NOVEMBRO DE 2024;2024-11-28;;Ativo
532408;243125;VINICIUS PEREIRA BARRETO;Fiscal Setorial Substituto;PORTARIA Nº 1457, DE 28 DE NOVEMBRO DE 2024;2024-11-28;;Ativo
483461;243125;JENIFER SERRA LINO;Gestor;PORTARIA Nº 1457, DE 28 DE NOVEMBRO DE 2024;2024-11-28;2025-11-11;Inativo
532226;243125;LUCAS GUSTAVO YOCK DURANTE;Gestor Substituto;PORTARIA Nº 1457, DE 28 DE NOVEMBRO DE 2024;2024-11-28;2025-11-11;Inativo
635171;243125;JENIFER SERRA LINO;Gestor;PORTARIA Nº 1168, DE 11 DE NOVEMBRO DE 2025;2025-11-11;;Ativo
635174;243125;DANIEL COLMAN SANABRIA;Gestor Substituto;PORTARIA Nº 1168, DE 11 DE NOVEMBRO DE 2025;2025-11-11;;Ativo
635177;243125;CLAUDINEIA LERIOS DE OLIVEIRA;Fiscal Setorial;PORTARIA Nº 1168, DE 11 DE NOVEMBRO DE 2025;2025-11-11;;Ativo
532410;243125;JIULIANO BELTRAME;Fiscal Setorial Substituto;PORTARIA Nº 1457, DE 28 DE NOVEMBRO DE 2024;2024-11-28;2025-11-11;Inativo
635181;243125;JIULIANO BELTRAME;Fiscal Setorial Substituto;PORTARIA Nº 1168, DE 11 DE NOVEMBRO DE 2025;2025-11-11;;Ativo
532403;243125;CLAUDINEIA LERIOS DE OLIVEIRA;Fiscal Setorial;PORTARIA Nº 1457, DE 28 DE NOVEMBRO DE 2024;2024-11-28;2025-11-11;Inativo
422454;243448;DIEGO RESENDE PACHECO;Responsável no Setor Almoxarifado;PORTARIA Nº 004, DE 31 DE JANEIRO DE 2024;2024-01-31;;Ativo
367691;253616;MARLON ACOSTA FLORES;Gestor Substituto;PORTARIA Nº 71, DE 25 DE SETEMBRO DE 2024;2024-09-25;;Ativo
367692;253616;LISE ROSSI JONES LIMA;Fiscal Técnico Substituto;PORTARIA Nº 71, DE 25 DE SETEMBRO DE 2024;2024-09-26;;Ativo
361624;253616;CAMILA PEREIRA BRUN RIBEIRO;Fiscal Técnico;PORTARIA Nº 71, DE 25 DE SETEMBRO DE 2024;2024-02-29;;Ativo
361625;253616;GLAUBER CORREA DA COSTA FLORES RIBEIRO DE CARVALHO;Gestor;PORTARIA Nº 71, DE 25 DE SETEMBRO DE 2024;2024-08-21;;Ativo
367895;253917;GLAUBER CORREA DA COSTA FLORES RIBEIRO DE CARVALHO;Gestor;PORTARIA Nº 71, DE 25 DE SETEMBRO DE 2024;2024-09-25;;Ativo
367897;253917;MARLON ACOSTA FLORES;Gestor Substituto;PORTARIA Nº 71, DE 25 DE SETEMBRO DE 2024;2024-09-25;;Ativo
367898;253917;CAMILA PEREIRA BRUN RIBEIRO;Fiscal Técnico;PORTARIA Nº 71, DE 25 DE SETEMBRO DE 2024;2024-09-25;;Ativo
367899;253917;LISE ROSSI JONES LIMA;Fiscal Técnico Substituto;PORTARIA Nº 71, DE 25 DE SETEMBRO DE 2024;2024-09-25;;Ativo
675538;254798;LUCIANO RIVAS COSTA;Gestor Substituto;29/2024;2024-03-08;;Ativo
680877;255911;JOSIMELIA AQUINO GASPARETTO;Fiscal Técnico Substituto;PORTARIA Nº 542 DE 9 DE ABRIL DE 2024;2024-04-09;;Ativo
680874;255911;MARLI SELINI;Fiscal Técnico;PORTARIA Nº 542 DE 9 DE ABRIL DE 2024;2024-04-09;;Ativo
680883;255911;ANA CATARINA CORTEZ DE ARAUJO;Fiscal Técnico Substituto;PORTARIA Nº 542 DE 9 DE ABRIL DE 2024;2024-04-09;;Ativo
680965;258095;RONALDO AQUINO;Gestor;PORTARIA Nº 1409 DE 8 DE NOVEMBRO DE 2024;2024-11-08;;Ativo
680966;258095;FERNANDA PERALTA MARCONDES DROPPA;Gestor Substituto;PORTARIA Nº 1409 DE 8 DE NOVEMBRO DE 2024;2024-11-08;;Ativo
680967;258095;CLÁUDIO DE LIMA FONTOURA JÚNIOR;Fiscal Administrativo;PORTARIA Nº 1409 DE 8 DE NOVEMBRO DE 2024;2024-11-08;;Ativo
680968;258095;FELIPE DE FREITAS PIRES;Fiscal Administrativo Substituto;PORTARIA Nº 1409 DE 8 DE NOVEMBRO DE 2024;2024-11-08;;Ativo
680969;258095;CLÁUDIO DE LIMA FONTOURA JÚNIOR;Fiscal Técnico;PORTARIA Nº 1409 DE 8 DE NOVEMBRO DE 2024;2024-11-08;;Ativo
680970;258095;FELIPE DE FREITAS PIRES;Fiscal Técnico Substituto;PORTARIA Nº 1409 DE 8 DE NOVEMBRO DE 2024;2024-11-08;;Ativo
360421;258517;MARLON ACOSTA FLORES;Gestor;PORTARIA Nº 60, DE 21 DE AGOSTO DE 2024 -;2024-08-21;;Ativo
360422;258517;GLAUBER CORREA DA COSTA FLORES RIBEIRO DE CARVALHO;Gestor Substituto;PORTARIA Nº 60, DE 21 DE AGOSTO DE 2024 -;2024-08-21;;Ativo
407715;258558;EVERTON CAIRES DA SILVA;Gestor;PORTARIA - NOVA ANDRADINA 38/2024 - NA-DIRGE/NA-IFMS/IFMS;2024-03-28;;Ativo
422213;258829;EVERTON CAIRES DA SILVA;Fiscal Técnico;PORTARIA Nº 1383 DE 4 DE NOVEMBRO DE 2024;2024-04-05;;Ativo
441130;258829;RONALDO NUNES;Responsável no Setor Financeiro;PORTARIA Nº 1208 DE 5 DE OUTUBRO DE 2023;2023-10-05;;Ativo
496704;258829;LUIZ RICARDO JUNQUEIRA DE LIMA;Fiscal Técnico;PORTARIA Nº 1383 DE 4 DE NOVEMBRO DE 2024;2024-11-04;;Ativo
496705;258829;ERIKE DE CASTRO COSTA;Fiscal Técnico Substituto;PORTARIA Nº 1383 DE 4 DE NOVEMBRO DE 2024;2024-11-04;;Ativo
450343;258829;FABIOLA CLARA VELASQUEZ FERRAZ;Fiscal Setorial;PORTARIA Nº 1383 DE 4 DE NOVEMBRO DE 2024;2024-04-05;;Ativo
676305;258829;JENIFER SERRA LINO;Gestor;935;2025-10-01;;Ativo
526181;258935;JOVACI ALVES DE NOVAIS;Fiscal Administrativo Substituto;PORTARIA Nº 52 DE 6 DE JUNHO DE 2025;2025-06-06;;Ativo
526182;258935;VANESSA DOS SANTOS FERREIRA;Apoio Administrativo;PORTARIA Nº 52 DE 6 DE JUNHO DE 2025;2025-06-06;;Ativo
526183;258935;VANESSA DOS SANTOS FERREIRA;Fiscal Técnico Substituto;PORTARIA Nº 52 DE 6 DE JUNHO DE 2025;2025-06-06;;Ativo
526184;258935;JENIFER SERRA LINO;Gestor;PORTARIA Nº 52 DE 6 DE JUNHO DE 2025;2025-06-06;;Ativo
526185;258935;DANIEL COLMAN SANABRIA;Gestor Substituto;PORTARIA Nº 52 DE 6 DE JUNHO DE 2025;2025-06-06;;Ativo
475704;258935;JOVACI ALVES DE NOVAIS;Fiscal Administrativo Substituto;PORTARIA Nº 57 DE 11 DE JULHO DE 2024;2024-07-11;2025-06-06;Inativo
475705;258935;JAQUELINE DA SILVA AMAZONAS;Fiscal Administrativo;PORTARIA Nº 57 DE 11 DE JULHO DE 2024;2024-07-11;2025-06-06;Inativo
475709;258935;JENIFER SERRA LINO;Gestor;PORTARIA Nº 57 DE 11 DE JULHO DE 2024;2024-07-11;2025-06-06;Inativo
475707;258935;JAQUELINE DA SILVA AMAZONAS;Fiscal Técnico Substituto;PORTARIA Nº 57 DE 11 DE JULHO DE 2024;2024-07-11;2025-06-06;Inativo
475711;258935;JAQUELINE DA SILVA AMAZONAS;Gestor Substituto;PORTARIA Nº 57 DE 11 DE JULHO DE 2024;2024-07-11;2025-06-06;Inativo
526180;258935;JOVACI ALVES DE NOVAIS;Fiscal Técnico;PORTARIA Nº 52 DE 6 DE JUNHO DE 2025;2025-06-06;;Ativo
475703;258935;JOVACI ALVES DE NOVAIS;Fiscal Técnico;PORTARIA Nº 57 DE 11 DE JULHO DE 2024;2024-07-11;2025-06-06;Inativo
475713;259545;WESLLEY  DA SILVA PEREIRA DE ALMEIDA;Fiscal Titular;PORTARIA Nº 55 DE 4 DE JUNHO DE 2024;2024-06-04;2025-06-06;Inativo
526156;259545;DOUGLAS TAVARES DA SILVA;Fiscal Substituto;PORTARIA Nº 55 DE 4 DE JUNHO DE 2024;2025-06-04;2025-06-06;Inativo
526162;259545;MICHELL MARTINS LOPES;Gestor Substituto;PORTARIA Nº 55 DE 4 DE JUNHO DE 2024;2024-06-04;2025-06-06;Inativo
526157;259545;JENIFER SERRA LINO;Gestor;PORTARIA Nº 55 DE 4 DE JUNHO DE 2024;2025-06-04;2025-06-06;Inativo
526170;259545;DANIEL COLMAN SANABRIA;Gestor Substituto;PORTARIA Nº 51 DE 6 DE JUNHO DE 2025;2025-06-06;2025-09-15;Inativo
590623;259545;DANIEL COLMAN SANABRIA;Gestor;PORTARIA Nº 92 DE 15 DE SETEMBRO DE 2025;2025-09-15;;Ativo
590625;259545;MICHELL MARTINS LOPES;Gestor Substituto;PORTARIA Nº 92 DE 15 DE SETEMBRO DE 2025;2025-09-15;;Ativo
526169;259545;ALINE DA SILVA RIBEIRO PEREIRA;Gestor;PORTARIA Nº 51 DE 6 DE JUNHO DE 2025;2025-06-06;;Inativo
610546;259545;WESLLEY  DA SILVA PEREIRA DE ALMEIDA;Fiscal Titular;PORTARIA Nº 92 DE 15 DE SETEMBRO DE 2025;2025-09-15;;Ativo
526166;259545;WESLLEY  DA SILVA PEREIRA DE ALMEIDA;Fiscal Titular;PORTARIA Nº 51 DE 6 DE JUNHO DE 2025;2025-06-06;2025-09-14;Ativo
526167;259545;DOUGLAS TAVARES DA SILVA;Fiscal Substituto;PORTARIA Nº 51 DE 6 DE JUNHO DE 2025;2025-06-06;2025-09-15;Ativo
610564;259545;DOUGLAS TAVARES DA SILVA;Fiscal Substituto;PORTARIA Nº 92 DE 15 DE SETEMBRO DE 2025;2025-09-15;;Ativo
421663;259923;CELLY NATALY CAVALCANTE DE SOUZA;Gestor;03/2025 CB;2025-01-08;;Ativo
421664;259923;GLAUBER CORREA DA COSTA FLORES RIBEIRO DE CARVALHO;Gestor Substituto;03/2025 CB;2025-01-08;;Ativo
421665;259923;CELLY NATALY CAVALCANTE DE SOUZA;Fiscal Administrativo;03/2025 CB;2025-01-08;;Ativo
421666;259923;GLAUBER CORREA DA COSTA FLORES RIBEIRO DE CARVALHO;Fiscal Administrativo Substituto;03/2025 CB;2025-01-08;;Ativo
421668;259923;ALEXANDRE DA SILVA HASSAN;Fiscal Técnico;03/2025 CB;2025-01-08;;Ativo
421670;259923;KÁTIA EL HAGE FERREIRA;Fiscal Técnico Substituto;03/2025 CB;2025-01-08;;Ativo
359367;289070;GLAUBER CORREA DA COSTA FLORES RIBEIRO DE CARVALHO;Gestor;PORTARIA Nº 59, DE 21 DE AGOSTO DE 2024;2024-08-21;;Ativo
359368;289070;MARLON ACOSTA FLORES;Gestor Substituto;PORTARIA Nº 59, DE 21 DE AGOSTO DE 2024;2024-08-21;;Ativo
360227;289070;CAMILA PEREIRA BRUN RIBEIRO;Fiscal Técnico;PORTARIA Nº 59, DE 21 DE AGOSTO DE 2024;2024-07-12;;Ativo
360229;289070;LISE ROSSI JONES LIMA;Fiscal Técnico;PORTARIA Nº 59, DE 21 DE AGOSTO DE 2024;2024-07-11;;Ativo
359363;290337;GLAUBER CORREA DA COSTA FLORES RIBEIRO DE CARVALHO;Gestor;PORTARIA Nº 59, DE 21 DE AGOSTO DE 2024;2024-08-21;;Ativo
359365;290337;MARLON ACOSTA FLORES;Gestor Substituto;PORTARIA Nº 59, DE 21 DE AGOSTO DE 2024;2024-08-21;;Ativo
360017;290337;CAMILA PEREIRA BRUN RIBEIRO;Fiscal Técnico;PORTARIA Nº 59, DE 21 DE AGOSTO DE 2024;2024-08-21;;Ativo
360018;290337;LISE ROSSI JONES LIMA;Fiscal Técnico Substituto;PORTARIA Nº 59, DE 21 DE AGOSTO DE 2024;2024-08-21;;Ativo
359360;291371;MARLON ACOSTA FLORES;Gestor Substituto;PORTARIA Nº 59, DE 21 DE AGOSTO DE 2024;2024-08-21;;Ativo
359173;291371;GLAUBER CORREA DA COSTA FLORES RIBEIRO DE CARVALHO;Gestor;PORTARIA Nº 59, DE 21 DE AGOSTO DE 2024;2024-08-21;;Ativo
360224;291371;CAMILA PEREIRA BRUN RIBEIRO;Fiscal Técnico;PORTARIA Nº 59, DE 21 DE AGOSTO DE 2024;2024-07-11;;Ativo
360225;291371;LISE ROSSI JONES LIMA;Fiscal Técnico Substituto;PORTARIA Nº 59, DE 21 DE AGOSTO DE 2024;2024-07-11;;Ativo
443190;297126;LAURA DE SOUZA FERNANDES RAMOS;Fiscal Requisitante;CT 23/2024;2025-01-31;;Ativo
443193;297126;CELLY NATALY CAVALCANTE DE SOUZA;Fiscal Requisitante Substituto;CT 23/2024;2025-01-31;;Ativo
476982;297126;GLAUBER CORREA DA COSTA FLORES RIBEIRO DE CARVALHO;Gestor;CONTRATO 23/2024;2025-01-01;;Ativo
477052;297126;LAURA DE SOUZA FERNANDES RAMOS;Fiscal Técnico;CONTRATO 23/2024;2025-01-01;;Ativo
467830;304434;THIAGO CARNEIRO DE BARROS SIQUEIRA;Fiscal Substituto;PORTARIA Nº 9, DE 31 DE JANEIRO DE 2024.;2024-01-31;;Ativo
462619;304434;RICARDO CARVALHO ANDRADE;Gestor;PORTARIA Nº 9, DE 31 DE JANEIRO DE 2024.;2024-01-31;2025-01-30;Ativo
464001;304606;MARIA JOSE VASCONCELOS PEREIRA;Gestor;PORTARIA Nº 153, DE 4 DE NOVEMBRO DE 2024.;2024-11-04;;Ativo
464003;304606;EDER SANTOS GOUVEIA;Gestor Substituto;PORTARIA Nº 153, DE 4 DE NOVEMBRO DE 2024.;2024-11-04;;Ativo
464006;304606;MARCOS SANDRO FIGUEIREDO ZACARIAS;Fiscal Administrativo;PORTARIA Nº 153, DE 4 DE NOVEMBRO DE 2024.;2024-11-04;;Ativo
464008;304606;RICARDO CARVALHO ANDRADE;Fiscal Administrativo Substituto;PORTARIA Nº 153, DE 4 DE NOVEMBRO DE 2024.;2024-11-04;;Ativo
526296;307297;JENIFER SERRA LINO;Gestor;PORTARIA Nº 79 DE 17 DE SETEMBRO DE 2024;2024-09-17;2025-06-26;Inativo
526297;307297;MICHELL MARTINS LOPES;Gestor Substituto;PORTARIA Nº 79 DE 17 DE SETEMBRO DE 2024;2024-09-17;2025-06-26;Inativo
526299;307297;PAULA RENATA CAMESCHI DE SOUZA;Fiscal Titular;PORTARIA Nº 79 DE 17 DE SETEMBRO DE 2024;2024-09-17;2025-06-26;Inativo
526300;307297;CLAUDIA CAZETTA JERONIMO SALVATINO;Fiscal Substituto;PORTARIA Nº 79 DE 17 DE SETEMBRO DE 2024;2024-09-17;2025-06-26;Inativo
533537;307297;JENIFER SERRA LINO;Gestor;PORTARIA Nº 63 DE 26 DE JUNHO DE 2025;2025-06-26;;Ativo
533538;307297;MICHELL MARTINS LOPES;Gestor Substituto;PORTARIA Nº 63 DE 26 DE JUNHO DE 2025;2025-06-26;;Ativo
533541;307297;PAULA RENATA CAMESCHI DE SOUZA;Fiscal Titular;PORTARIA Nº 63 DE 26 DE JUNHO DE 2025;2025-06-26;;Ativo
533543;307297;CLAUDIA CAZETTA JERONIMO SALVATINO;Fiscal Substituto;PORTARIA Nº 63 DE 26 DE JUNHO DE 2025;2025-06-26;;Ativo
526298;307297;ALINE DA SILVA RIBEIRO PEREIRA;Gestor Substituto;PORTARIA Nº 79 DE 17 DE SETEMBRO DE 2024;2024-09-17;2025-06-26;Inativo
533539;307297;ALINE DA SILVA RIBEIRO PEREIRA;Gestor Substituto;PORTARIA Nº 63 DE 26 DE JUNHO DE 2025;2025-06-26;;Inativo
526304;307328;JENIFER SERRA LINO;Gestor;PORTARIA Nº 80 DE 17 DE SETEMBRO DE 2024;2024-09-17;;Ativo
526306;307328;PAULA RENATA CAMESCHI DE SOUZA;Fiscal Titular;PORTARIA Nº 80 DE 17 DE SETEMBRO DE 2024;2024-09-17;;Ativo
526308;307328;CLAUDIA CAZETTA JERONIMO SALVATINO;Fiscal Substituto;PORTARIA Nº 80 DE 17 DE SETEMBRO DE 2024;2024-09-17;;Ativo
526309;307328;MICHELL MARTINS LOPES;Gestor Substituto;PORTARIA Nº 80 DE 17 DE SETEMBRO DE 2024;2024-09-17;;Ativo
526310;307328;ALINE DA SILVA RIBEIRO PEREIRA;Gestor Substituto;PORTARIA Nº 80 DE 17 DE SETEMBRO DE 2024;2024-09-17;;Inativo
475282;309915;JENIFER SERRA LINO;Gestor;PORTARIA Nº 81 DE 17 DE SETEMBRO DE 2024;2024-09-17;;Ativo
475283;309915;MICHELL MARTINS LOPES;Gestor Substituto;PORTARIA Nº 81 DE 17 DE SETEMBRO DE 2024;2024-09-17;;Ativo
475286;309915;PAULA RENATA CAMESCHI DE SOUZA;Fiscal Titular;PORTARIA Nº 81 DE 17 DE SETEMBRO DE 2024;2024-09-17;;Ativo
475287;309915;CLAUDIA CAZETTA JERONIMO SALVATINO;Fiscal Substituto;PORTARIA Nº 81 DE 17 DE SETEMBRO DE 2024;2024-09-17;;Ativo
475284;309915;ALINE DA SILVA RIBEIRO PEREIRA;Gestor Substituto;PORTARIA Nº 81 DE 17 DE SETEMBRO DE 2024;2024-09-17;;Inativo
419661;314143;EVERTON CAIRES DA SILVA;Gestor;PORTARIA Nº 078, DE 30 DE SETEMBRO DE 2024;2024-09-30;;Ativo
472026;314143;GILBERTO LUIS SOARES LIMA;Responsável no Setor Financeiro;PORTARIA Nº 123 DE 7 DE FEVEREIRO DE 2019;2019-02-07;;Ativo
475263;317330;MICHELL MARTINS LOPES;Gestor Substituto;PORTARIA Nº 107 DE 19 DE NOVEMBRO DE 2024;2024-11-19;2025-06-06;Inativo
475262;317330;JAQUELINE DA SILVA AMAZONAS;Gestor Substituto;PORTARIA Nº 107 DE 19 DE NOVEMBRO DE 2024;2024-11-19;2025-06-06;Inativo
475259;317330;JENIFER SERRA LINO;Gestor;PORTARIA Nº 107 DE 19 DE NOVEMBRO DE 2024;2024-11-19;2025-06-06;Inativo
475273;317330;WESLLEY  DA SILVA PEREIRA DE ALMEIDA;Fiscal Técnico Substituto;PORTARIA Nº 107 DE 19 DE NOVEMBRO DE 2024;2024-11-19;2025-06-06;Inativo
475267;317330;JOVACI ALVES DE NOVAIS;Fiscal Administrativo Substituto;PORTARIA Nº 107 DE 19 DE NOVEMBRO DE 2024;2024-11-19;2025-06-06;Inativo
526117;317330;DANIEL COLMAN SANABRIA;Gestor Substituto;PORTARIA Nº 49 DE 6 DE JUNHO DE 2025;2025-06-06;;Ativo
526120;317330;JOVACI ALVES DE NOVAIS;Fiscal Administrativo Substituto;PORTARIA Nº 49 DE 6 DE JUNHO DE 2025;2025-06-06;;Ativo
526123;317330;WESLLEY  DA SILVA PEREIRA DE ALMEIDA;Fiscal Técnico Substituto;PORTARIA Nº 49 DE 6 DE JUNHO DE 2025;2025-06-06;;Ativo
475264;317330;WESLLEY  DA SILVA PEREIRA DE ALMEIDA;Fiscal Administrativo;PORTARIA Nº 107 DE 19 DE NOVEMBRO DE 2024;2024-11-19;2025-06-06;Inativo
475270;317330;JOVACI ALVES DE NOVAIS;Fiscal Técnico;PORTARIA Nº 107 DE 19 DE NOVEMBRO DE 2024;2024-11-19;2025-06-06;Inativo
526115;317330;MICHELL MARTINS LOPES;Gestor;PORTARIA Nº 49 DE 6 DE JUNHO DE 2025;2025-06-06;;Ativo
526118;317330;WESLLEY  DA SILVA PEREIRA DE ALMEIDA;Fiscal Administrativo;PORTARIA Nº 49 DE 6 DE JUNHO DE 2025;2025-06-06;;Ativo
526121;317330;JOVACI ALVES DE NOVAIS;Fiscal Técnico;PORTARIA Nº 49 DE 6 DE JUNHO DE 2025;2025-06-06;;Ativo
446722;317345;VERONICA VANELI PAGNAN;Gestor;76, DE 17 DE OUTUBRO DE 2024;2024-10-16;;Ativo
486744;317345;LUCILEIDE RODRIGUES FURTADO;Gestor Substituto;76, DE 17 DE OUTUBRO DE 2024;2024-10-17;;Ativo
486745;317345;FLAVIO BECKER;Fiscal Administrativo;76, DE 17 DE OUTUBRO DE 2024;2024-10-17;;Ativo
486747;317345;ELISANGELA TORRES MELO;Fiscal Administrativo Substituto;76, DE 17 DE OUTUBRO DE 2024;2024-10-17;;Ativo
486749;317345;ANDRE LUIZ BARBOSA;Fiscal Técnico Substituto;76, DE 17 DE OUTUBRO DE 2024;2024-10-17;;Ativo
486751;317345;GLEISON NUNES JARDIM;Fiscal Técnico Substituto;76, DE 17 DE OUTUBRO DE 2024;2024-10-17;;Ativo
497692;317345;WESLEY CORREA DA SILVA;Fiscal Técnico;76, DE 17 DE OUTUBRO DE 2024;2024-10-17;;Ativo
422472;323053;GLAUBER CORREA DA COSTA FLORES RIBEIRO DE CARVALHO;Gestor;PORTARIA Nº 79, DE 14 DE OUTUBRO DE 2024;2024-10-14;;Ativo
422479;323053;MARLON ACOSTA FLORES;Gestor Substituto;PORTARIA Nº 79, DE 14 DE OUTUBRO DE 2024;2024-10-14;;Ativo
422485;323053;ERMERSON DE OLIVEIRA MORAES;Fiscal Substituto;PORTARIA Nº 79, DE 14 DE OUTUBRO DE 2024;2024-10-14;;Ativo
460979;323103;MARIA JOSE VASCONCELOS PEREIRA;Gestor;PORTARIA Nº 151, DE 30 DE OUTUBRO DE 2024.;2024-10-30;;Ativo
460982;323103;EDER SANTOS GOUVEIA;Gestor Substituto;PORTARIA Nº 151, DE 30 DE OUTUBRO DE 2024.;2024-10-30;;Ativo
460986;323103;MARCOS SANDRO FIGUEIREDO ZACARIAS;Fiscal Administrativo;PORTARIA Nº 151, DE 30 DE OUTUBRO DE 2024.;2024-10-30;;Ativo
460988;323103;MARCOS SANDRO FIGUEIREDO ZACARIAS;Fiscal Técnico;PORTARIA Nº 151, DE 30 DE OUTUBRO DE 2024.;2024-10-30;;Ativo
460992;323103;RICARDO CARVALHO ANDRADE;Fiscal Administrativo Substituto;PORTARIA Nº 151, DE 30 DE OUTUBRO DE 2024.;2024-10-30;;Ativo
460995;323103;RICARDO CARVALHO ANDRADE;Fiscal Técnico Substituto;PORTARIA Nº 151, DE 30 DE OUTUBRO DE 2024.;2024-10-30;;Ativo
463974;324128;MARIA JOSE VASCONCELOS PEREIRA;Fiscal Substituto;PORTARIA Nº XXXX, DE 28 DE OUTUBRO DE 2024.;2024-10-28;;Ativo
463969;324128;MARCOS SANDRO FIGUEIREDO ZACARIAS;Fiscal Titular;PORTARIA Nº XXXX, DE 28 DE OUTUBRO DE 2024.;2024-10-28;;Ativo
467844;324466;PAULO CESAR DA SILVA;Fiscal Técnico;PORTARIA Nº 152, DE 4 DE NOVEMBRO DE 2024.;2024-11-04;;Ativo
467841;324466;MARCOS SANDRO FIGUEIREDO ZACARIAS;Fiscal Administrativo;PORTARIA Nº 152, DE 4 DE NOVEMBRO DE 2024.;2024-11-04;;Ativo
467842;324466;MARCOS SANDRO FIGUEIREDO ZACARIAS;Fiscal Técnico;PORTARIA Nº 152, DE 4 DE NOVEMBRO DE 2024.;2024-11-04;;Ativo
467843;324466;PAULO CESAR DA SILVA;Fiscal Administrativo;PORTARIA Nº 152, DE 4 DE NOVEMBRO DE 2024.;2024-11-04;;Ativo
462856;325219;MARCOS SANDRO FIGUEIREDO ZACARIAS;Fiscal Administrativo;PORTARIA Nº 154, DE 5 DE NOVEMBRO DE 2024.;2024-11-05;;Ativo
467835;325219;PAULO CESAR DA SILVA;Fiscal Administrativo Substituto;PORTARIA Nº 154, DE 5 DE NOVEMBRO DE 2024.;2024-11-05;;Ativo
486679;326097;ILZE KATSUE MORITA MELO;Gestor;80, DE 18 DE OUTUBRO DE 2024;2024-10-18;;Ativo
486680;326097;CAROLINE APARECIDA SAMPAIO GUIMARAES DE MORAES;Gestor Substituto;80, DE 18 DE OUTUBRO DE 2024;2024-10-18;;Ativo
486712;326097;LAURA ELISA DOS SANTOS;Fiscal Técnico Substituto;80, DE 18 DE OUTUBRO DE 2024;2024-10-18;;Ativo
486713;326097;VERA LUCIA DE OLIVEIRA SONCHINE;Fiscal Técnico Substituto;80, DE 18 DE OUTUBRO DE 2024;2024-10-18;;Ativo
497697;326097;DANILO TOFOLI;Fiscal Técnico;80, DE 18 DE OUTUBRO DE 2024;2024-10-18;;Ativo
485996;326116;CAROLINE APARECIDA SAMPAIO GUIMARAES DE MORAES;Gestor;78, DE 17 DE OUTUBRO DE 2024;2025-04-02;;Ativo
485998;326116;ILZE KATSUE MORITA MELO;Gestor Substituto;78, DE 17 DE OUTUBRO DE 2024;2025-02-04;;Ativo
486727;326116;LAURA ELISA DOS SANTOS;Fiscal Técnico Substituto;78, DE 17 DE OUTUBRO DE 2024;2024-10-17;;Ativo
486728;326116;VERA LUCIA DE OLIVEIRA SONCHINE;Fiscal Técnico Substituto;78, DE 17 DE OUTUBRO DE 2024;2024-10-17;;Ativo
497696;326116;DANILO TOFOLI;Fiscal Técnico;78, DE 17 DE OUTUBRO DE 2024;2024-10-17;;Ativo
486000;326127;ILZE KATSUE MORITA MELO;Gestor;79, DE 17 DE OUTUBRO DE 2024;2025-04-02;;Ativo
486002;326127;CAROLINE APARECIDA SAMPAIO GUIMARAES DE MORAES;Gestor Substituto;79, DE 17 DE OUTUBRO DE 2024;2025-04-02;;Ativo
486718;326127;LAURA ELISA DOS SANTOS;Fiscal Técnico Substituto;79, DE 17 DE OUTUBRO DE 2024;2024-10-17;;Ativo
486724;326127;VERA LUCIA DE OLIVEIRA SONCHINE;Fiscal Técnico Substituto;79, DE 17 DE OUTUBRO DE 2024;2024-10-17;;Ativo
497695;326127;DANILO TOFOLI;Fiscal Técnico;79, DE 17 DE OUTUBRO DE 2024;2024-10-17;;Ativo
485992;326138;CAROLINE APARECIDA SAMPAIO GUIMARAES DE MORAES;Gestor;77, DE 17 DE OUTUBRO DE 2024;2025-04-02;;Ativo
485994;326138;ILZE KATSUE MORITA MELO;Gestor Substituto;77, DE 17 DE OUTUBRO DE 2024;2025-04-02;;Ativo
486730;326138;LAURA ELISA DOS SANTOS;Fiscal Técnico Substituto;77, DE 17 DE OUTUBRO DE 2024;2024-10-17;;Ativo
486732;326138;VERA LUCIA DE OLIVEIRA SONCHINE;Fiscal Técnico Substituto;77, DE 17 DE OUTUBRO DE 2024;2024-10-17;;Ativo
497694;326138;DANILO TOFOLI;Fiscal Técnico;77, DE 17 DE OUTUBRO DE 2024;2024-10-17;;Ativo
445900;327666;GLAUBER CORREA DA COSTA FLORES RIBEIRO DE CARVALHO;Gestor;88/2024 AQ;2024-10-31;;Ativo
445904;327666;MARLON ACOSTA FLORES;Gestor Substituto;88/2024 AQ;2024-10-31;;Ativo
445909;327666;CAMILA PEREIRA BRUN RIBEIRO;Fiscal Técnico;88/2024 AQ;2024-10-31;;Ativo
445915;327666;LISE ROSSI JONES LIMA;Fiscal Técnico Substituto;88/2024 AQ;2024-10-31;;Ativo
486670;327832;JOSEILA APARECIDA BERGAMO;Fiscal Técnico Substituto;81, DE 18 DE OUTUBRO DE 2024;2024-10-18;;Ativo
497698;327832;WESLEY CORREA DA SILVA;Fiscal Técnico;81, DE 18 DE OUTUBRO DE 2024;2024-10-18;;Ativo
497979;327832;MARCOS VINICIUS HENDGES;Gestor;81, DE 18 DE OUTUBRO DE 2024;2024-10-18;;Ativo
497980;327832;ANA SILVIA BORONI DE OLIVEIRA;Gestor Substituto;81, DE 18 DE OUTUBRO DE 2024;2024-10-18;;Ativo
445921;329160;GLAUBER CORREA DA COSTA FLORES RIBEIRO DE CARVALHO;Gestor;88/2024 AQ;2024-10-31;;Ativo
445925;329160;MARLON ACOSTA FLORES;Gestor Substituto;88/2024 AQ;2024-10-31;;Ativo
445928;329160;CAMILA PEREIRA BRUN RIBEIRO;Fiscal Técnico;88/2024 AQ;2024-10-31;;Ativo
445930;329160;LISE ROSSI JONES LIMA;Fiscal Técnico Substituto;88/2024 AQ;2024-10-31;;Ativo
477111;337387;LAURA DE SOUZA FERNANDES RAMOS;Gestor;CONTRATO 24/2024;2024-01-01;;Ativo
477112;337387;LAURA DE SOUZA FERNANDES RAMOS;Fiscal Técnico;CONTRATO 24/2024;2024-01-01;;Ativo
477115;337387;GLAUBER CORREA DA COSTA FLORES RIBEIRO DE CARVALHO;Gestor Substituto;CONTRATO 24/2024;2024-01-01;;Ativo
456101;341550;CELLY NATALY CAVALCANTE DE SOUZA;Gestor;CT 27/2024;2025-01-01;;Ativo
443213;341560;LAURA DE SOUZA FERNANDES RAMOS;Fiscal Requisitante;CT 36/2024;2025-01-31;;Ativo
443218;341560;CELLY NATALY CAVALCANTE DE SOUZA;Fiscal Requisitante Substituto;CT 36/2024;2025-01-31;;Ativo
476975;341560;GLAUBER CORREA DA COSTA FLORES RIBEIRO DE CARVALHO;Gestor;SEM PORTARIA;2025-02-01;;Ativo
486656;343275;JULIO APARECIDO DE ARRUDA CAVALCANTE;Gestor Substituto;82, DE 18 DE OUTUBRO DE 2024;2024-10-18;;Ativo
449313;343275;SANDRA DA SILVA COSTA;Gestor;82, DE 18 DE OUTUBRO DE 2024;2024-10-18;;Ativo
486661;343275;LUIZ RICARDO JUNQUEIRA DE LIMA;Fiscal Técnico;82, DE 18 DE OUTUBRO DE 2024;2024-10-18;;Ativo
486664;343275;ERIKE DE CASTRO COSTA;Fiscal Técnico Substituto;82, DE 18 DE OUTUBRO DE 2024;2024-10-18;;Ativo
416911;351153;MICHELLI CORTEZ DA ROSA;Gestor;PORTARIA Nº 1529 DE 23 DE DEZEMBRO DE 2024;2024-12-23;;Ativo
416913;351153;SERGIO PAULO DE SOUZA;Gestor Substituto;PORTARIA Nº 1529 DE 23 DE DEZEMBRO DE 2024;2024-12-23;;Ativo
460709;355734;MARIA JOSE VASCONCELOS PEREIRA;Gestor;PORTARIA Nº 4, DE 21 DE JANEIRO DE 2025.;2025-01-21;2025-02-20;Ativo
456355;355734;MARCOS SANDRO FIGUEIREDO ZACARIAS;Fiscal Administrativo;PORTARIA Nº 4, DE 21 DE JANEIRO DE 2025.;2025-01-21;2025-02-17;Ativo
420778;357420;GLAUBER CORREA DA COSTA FLORES RIBEIRO DE CARVALHO;Gestor;02/2025 CB;2025-01-08;2025-12-31;Inativo
420774;357420;CELLY NATALY CAVALCANTE DE SOUZA;Gestor Substituto;01/2026 CB;2026-01-21;;Ativo
420786;357420;LAURA DE SOUZA FERNANDES RAMOS;Gestor;01/2026 CB;2026-01-21;;Ativo
420754;357420;ALEXANDRE DA SILVA HASSAN;Fiscal Técnico;02/2025 CB;2025-01-08;2026-01-21;Inativo
420871;357420;LAUTER REGIS DE AMORIM;Fiscal Administrativo;01/2025 CB;2026-01-21;;Ativo
676782;357420;GABRIEL SOUZA CAVALCANTE DE MAGALHÃES;Fiscal Administrativo Substituto;01/2026 CB;2026-01-21;;Ativo
432804;359090;FABIOLA CLARA VELASQUEZ FERRAZ;Fiscal Técnico Substituto;8/2025 CB;2025-01-22;;Ativo
448245;359090;GERALDO TORRES GALINDO NETO;Fiscal Técnico;CB 8/2025;2025-01-22;;Ativo
488050;362397;LUCILEIDE RODRIGUES FURTADO;Fiscal Setorial Substituto;151 DE 11 DE FEVEREIRO DE 2025;2025-02-11;;Ativo
488048;362397;GIULIANO SACOMAN DE BARROS;Fiscal Setorial;151 DE 11 DE FEVEREIRO DE 2025;2025-02-11;;Ativo
488039;362408;LUCILEIDE RODRIGUES FURTADO;Fiscal Setorial Substituto;152 DE 11 DE FEVEREIRO DE 2025;2025-02-11;;Ativo
488037;362408;GIULIANO SACOMAN DE BARROS;Fiscal Setorial;152 DE 11 DE FEVEREIRO DE 2025;2025-02-11;;Ativo
637279;362418;DIEGO RESENDE PACHECO;Fiscal Setorial;PORTARIA Nº 1131, DE 30 DE OUTUBRO DE 2025;2025-10-30;;Ativo
637280;362418;MICHELLI CORTEZ DA ROSA;Fiscal Setorial Substituto;PORTARIA Nº 1131, DE 30 DE OUTUBRO DE 2025;2025-10-30;;Ativo
637281;362418;JANAINA MARA PACCO MENDES;Fiscal Setorial;PORTARIA Nº 1131, DE 30 DE OUTUBRO DE 2025;2025-10-30;;Ativo
637282;362418;CARLOS APARECIDO DE ALMEIDA;Fiscal Setorial Substituto;PORTARIA Nº 1131, DE 30 DE OUTUBRO DE 2025;2025-10-30;;Ativo
637283;362418;JULIUS CESAR CERQUEIRA SILVA;Fiscal Setorial;PORTARIA Nº 1131, DE 30 DE OUTUBRO DE 2025;2025-10-30;;Ativo
637285;362418;LUCILEIDE RODRIGUES FURTADO;Fiscal Setorial Substituto;PORTARIA Nº 1131, DE 30 DE OUTUBRO DE 2025;2025-10-30;;Ativo
637286;362418;MARA MARCIA DE OLIVEIRA VONO DE SANT ANA;Fiscal Setorial;PORTARIA Nº 1131, DE 30 DE OUTUBRO DE 2025;2025-10-30;;Ativo
637288;362418;MARCOS SANDRO FIGUEIREDO ZACARIAS;Fiscal Setorial Substituto;PORTARIA Nº 1131, DE 30 DE OUTUBRO DE 2025;2025-10-30;;Ativo
637289;362418;WESLLEY  DA SILVA PEREIRA DE ALMEIDA;Fiscal Setorial Substituto;PORTARIA Nº 1131, DE 30 DE OUTUBRO DE 2025;2025-10-30;;Ativo
488040;362418;GIULIANO SACOMAN DE BARROS;Fiscal Setorial;160 DE 12 DE FEVEREIRO DE 2025;2025-02-12;2025-10-30;Inativo
637290;362418;GIULIANO SACOMAN DE BARROS;Fiscal Setorial;PORTARIA Nº 1131, DE 30 DE OUTUBRO DE 2025;2025-10-30;;Ativo
488041;362418;LUCILEIDE RODRIGUES FURTADO;Fiscal Setorial Substituto;160 DE 12 DE FEVEREIRO DE 2025;2025-02-12;2025-10-30;Inativo
624748;362418;MICHELL MARTINS LOPES;Gestor;PORTARIA Nº 1131, DE 30 DE OUTUBRO DE 2025;2025-10-30;;Ativo
624750;362418;DANIEL COLMAN SANABRIA;Gestor Substituto;PORTARIA Nº 1131, DE 30 DE OUTUBRO DE 2025;2025-10-30;;Ativo
624751;362418;JOVACI ALVES DE NOVAIS;Fiscal Técnico;PORTARIA Nº 1131, DE 30 DE OUTUBRO DE 2025;2025-10-30;;Ativo
425788;364294;JULIO CESAR CALVOSO;Fiscal Técnico;CB 6/2025;2025-01-16;;Ativo
425792;364294;RODRIGO ASSAD PEREIRA;Fiscal Técnico Substituto;CB 6/2025;2025-01-16;;Ativo
426137;394751;ALEXANDRE DA SILVA HASSAN;Fiscal Técnico;05/2025 CB;2025-01-15;;Ativo
426138;394751;LAUTER REGIS DE AMORIM;Fiscal Técnico;05/2025 CB;2025-01-15;;Ativo
680982;401293;FABIANO DA ANUNCIAÇÃO CAMPOÇANO;Gestor;PORTARIA Nº 1050 DE 6 DE OUTUBRO DE 2025;2025-10-06;;Ativo
680983;401293;DIEGO TADEU DA SILVA;Gestor Substituto;PORTARIA Nº 1050 DE 6 DE OUTUBRO DE 2025;2025-10-06;;Ativo
680984;401293;JOAO OTAVIO CENEDEZI PIMENTA;Fiscal Administrativo;PORTARIA Nº 1050 DE 6 DE OUTUBRO DE 2025;2025-10-06;;Ativo
680985;401293;DILSON ALMEIDA DOS SANTOS;Fiscal Administrativo Substituto;PORTARIA Nº 1050 DE 6 DE OUTUBRO DE 2025;2025-10-06;;Ativo
680986;401293;DIANA APARECIDA CARANJO;Fiscal Técnico;PORTARIA Nº 1050 DE 6 DE OUTUBRO DE 2025;2025-10-06;;Ativo
680988;401293;VICTOR HUGO MOURA CRISTALDO;Fiscal Técnico Substituto;PORTARIA Nº 1050 DE 6 DE OUTUBRO DE 2025;2025-10-06;;Ativo
680989;401293;KAREN AYUMI KUBOTA CANDIDO;Fiscal Técnico Substituto;PORTARIA Nº 1050 DE 6 DE OUTUBRO DE 2025;2025-10-06;;Ativo
486628;401686;LAURA ELISA DOS SANTOS;Fiscal Técnico;1, DE 16 DE JANEIRO DE 2025;2025-01-16;2025-09-10;Inativo
486625;401686;LUCILEIDE RODRIGUES FURTADO;Gestor;89, DE 11 DE SETEMBRO DE 2025;2025-01-16;;Ativo
486629;401686;TASSIO CASSIANO GARCIA MOURAO;Fiscal Técnico Substituto;89, DE 11 DE SETEMBRO DE 2025;2025-01-16;;Ativo
486627;401686;JANAYNA GARCIA CARVALHO BARBOSA;Gestor Substituto;89, DE 11 DE SETEMBRO DE 2025;2025-01-16;;Ativo
668361;401686;SORAY MESQUITA RODOVALHO GONÇALVES;Fiscal Técnico;89, DE 11 DE SETEMBRO DE 2025;2025-09-11;;Ativo
462853;407550;MARCOS SANDRO FIGUEIREDO ZACARIAS;Fiscal Titular;PORTARIA Nº 5, DE 21 DE JANEIRO DE 2025.;2025-01-21;;Ativo
462854;407550;MARA MARCIA DE OLIVEIRA VONO DE SANT ANA;Fiscal Substituto;PORTARIA Nº 5, DE 21 DE JANEIRO DE 2025.;2025-01-21;;Ativo
545261;412212;CELLY NATALY CAVALCANTE DE SOUZA;Gestor;CB 21/2025;2025-04-04;;Ativo
545262;412212;LAURA DE SOUZA FERNANDES RAMOS;Gestor Substituto;CB 21/2025;2025-04-04;;Ativo
462851;415281;MARA MARCIA DE OLIVEIRA VONO DE SANT ANA;Fiscal Titular;PORTARIA Nº 2, DE 17 DE JANEIRO DE 2025.;2025-01-17;;Ativo
462852;415281;MARCOS SANDRO FIGUEIREDO ZACARIAS;Fiscal Substituto;PORTARIA Nº 2, DE 17 DE JANEIRO DE 2025.;2025-01-17;;Ativo
486602;417715;VERONICA VANELI PAGNAN;Gestor Substituto;2, DE 27 DE JANEIRO DE 2025;2025-01-27;;Ativo
486604;417715;ERIKE DE CASTRO COSTA;Fiscal Administrativo;2, DE 27 DE JANEIRO DE 2025;2025-01-27;;Ativo
486605;417715;GIULIANO SACOMAN DE BARROS;Fiscal Administrativo Substituto;2, DE 27 DE JANEIRO DE 2025;2025-01-27;;Ativo
486607;417715;TASSIO CASSIANO GARCIA MOURAO;Fiscal Técnico;2, DE 27 DE JANEIRO DE 2025;2025-01-27;;Ativo
486608;417715;FLAVIA BARBOSA SANTANA;Fiscal Técnico Substituto;2, DE 27 DE JANEIRO DE 2025;2025-01-27;;Ativo
497699;417715;JOSE APARECIDO SILVA DE JESUS;Gestor;2, DE 27 DE JANEIRO DE 2025;2025-01-27;;Ativo
462809;417829;EDER SANTOS GOUVEIA;Fiscal Titular;PORTARIA Nº 166, DE 23 DE DEZEMBRO DE 2024.;2024-12-23;;Ativo
462810;417829;MARIA JOSE VASCONCELOS PEREIRA;Fiscal Substituto;PORTARIA Nº 166, DE 23 DE DEZEMBRO DE 2024.;2024-12-23;;Ativo
462842;418599;MARIA JOSE VASCONCELOS PEREIRA;Gestor;PORTARIA Nº 6, DE 22 DE JANEIRO DE 2025.;2025-01-22;;Ativo
462844;418599;EDER SANTOS GOUVEIA;Gestor Substituto;PORTARIA Nº 6, DE 22 DE JANEIRO DE 2025.;2025-01-22;;Ativo
462845;418599;MARCOS SANDRO FIGUEIREDO ZACARIAS;Fiscal Administrativo;PORTARIA Nº 6, DE 22 DE JANEIRO DE 2025.;2025-01-22;;Ativo
462848;418599;MARA MARCIA DE OLIVEIRA VONO DE SANT ANA;Fiscal Administrativo Substituto;PORTARIA Nº 6, DE 22 DE JANEIRO DE 2025.;2025-01-22;;Ativo
502794;418708;MARIA LUISA DA COSTA MARQUES;Gestor;5/2025;2025-02-20;;Ativo
502795;418708;WELLINGTON MARTINS LOUVEIRA;Gestor Substituto;5/2025;2025-02-20;;Ativo
480650;419213;GLAUBER CORREA DA COSTA FLORES RIBEIRO DE CARVALHO;Gestor Substituto;PORTARIA Nº 13, DE 17 DE FEVEREIRO DE 2025;2025-02-17;2025-03-25;Ativo
480649;419213;GUSTAVO MEDINA ARAUJO;Gestor;PORTARIA Nº 13, DE 17 DE FEVEREIRO DE 2025;2025-02-17;2025-03-25;Ativo
480654;419213;RODRIGO DOS SANTOS ANGELINO;Fiscal Administrativo;PORTARIA Nº 13, DE 17 DE FEVEREIRO DE 2025;2025-02-25;2025-03-25;Ativo
480655;419213;SUZY  TAKAYA;Fiscal Administrativo;PORTARIA Nº 13, DE 17 DE FEVEREIRO DE 2025;2025-02-17;2025-03-25;Ativo
467883;420042;MARCIO JOSE RODRIGUES AMORIM;Fiscal Substituto;PORTARIA Nº 8, DE 28 DE JANEIRO DE 2025.;2025-01-28;;Ativo
467882;420042;JOSÉ APARECIDO JORGE JUNIOR;Fiscal Titular;PORTARIA Nº 8, DE 28 DE JANEIRO DE 2025.;2025-01-28;;Ativo
435706;425036;DIEGO RESENDE PACHECO;Responsável no Setor Almoxarifado;PORTARIA Nº 1056, DE 25 DE AGOSTO DE 2023;2023-08-25;;Ativo
435697;425039;DIEGO RESENDE PACHECO;Responsável no Setor Almoxarifado;PORTARIA Nº 1056, DE 25 DE AGOSTO DE 2023;2023-08-25;;Ativo
435701;425040;DIEGO RESENDE PACHECO;Responsável no Setor Almoxarifado;PORTARIA Nº 1056, DE 25 DE AGOSTO DE 2023;2023-08-25;;Ativo
50453;42823;LEONARDO VIERA JUNIOR;Gestor;10, DE 05 DE FEVEREIRO DE 2019;2019-02-05;;Inativo
50454;42823;LUCAS MICQUEIAS ARANTES;Gestor Substituto;10, DE 05 DE FEVEREIRO DE 2019;2019-02-05;;Inativo
50455;42823;JOEMAR MENDES REGO;Fiscal Setorial;10, DE 05 DE FEVEREIRO DE 2019;2019-02-05;;Inativo
438065;430044;DIEGO RESENDE PACHECO;Responsável no Setor Almoxarifado;PORTARIA Nº 1056, DE 25 DE AGOSTO DE 2023;2023-08-25;;Ativo
526191;430157;DANIEL COLMAN SANABRIA;Gestor;PORTARIA Nº 91 DE 15 DE SETEMBRO DE 2025;2025-09-15;;Ativo
526192;430157;JENIFER SERRA LINO;Gestor Substituto;PORTARIA Nº 50 DE 6 DE JUNHO DE 2025;2025-06-06;2025-09-15;Inativo
610855;430157;JENIFER SERRA LINO;Gestor Substituto;PORTARIA Nº 91 DE 15 DE SETEMBRO DE 2025;2025-09-15;;Ativo
526195;430157;VANESSA DOS SANTOS FERREIRA;Fiscal Substituto;PORTARIA Nº 50 DE 6 DE JUNHO DE 2025;2025-06-06;2025-09-15;Inativo
610860;430157;VANESSA DOS SANTOS FERREIRA;Fiscal Titular;PORTARIA Nº 91 DE 15 DE SETEMBRO DE 2025;2025-09-15;;Ativo
610863;430157;JOVACI ALVES DE NOVAIS;Fiscal Substituto;PORTARIA Nº 91 DE 15 DE SETEMBRO DE 2025;2025-09-15;;Ativo
526186;430157;JAQUELINE DA SILVA AMAZONAS;Gestor;PORTARIA Nº 3 DE 26 DE FEVEREIRO DE 2025;2025-02-26;2025-06-06;Inativo
526187;430157;JENIFER SERRA LINO;Gestor Substituto;PORTARIA Nº 3 DE 26 DE FEVEREIRO DE 2025;2025-02-26;2025-06-06;Inativo
526188;430157;VANESSA DOS SANTOS FERREIRA;Fiscal Titular;PORTARIA Nº 3 DE 26 DE FEVEREIRO DE 2025;2025-02-26;2025-06-06;Inativo
526189;430157;JOVACI ALVES DE NOVAIS;Fiscal Substituto;PORTARIA Nº 3 DE 26 DE FEVEREIRO DE 2025;2025-02-26;2025-06-06;Inativo
526194;430157;ALINE DA SILVA RIBEIRO PEREIRA;Fiscal Titular;PORTARIA Nº 50 DE 6 DE JUNHO DE 2025;2025-06-06;;Inativo
609004;438903;EDSON ALVES DE SOUZA;Gestor;08/2025;2025-01-22;;Ativo
467837;44291;MARCOS SANDRO FIGUEIREDO ZACARIAS;Fiscal Administrativo;PORTARIA Nº 46, DE 27 DE FEVEREIRO DE 2024.;2024-02-27;;Ativo
467838;44291;RICARDO CARVALHO ANDRADE;Fiscal Administrativo;PORTARIA Nº 46, DE 27 DE FEVEREIRO DE 2024.;2024-02-27;;Ativo
467839;44291;RICARDO CARVALHO ANDRADE;Fiscal Técnico;PORTARIA Nº 46, DE 27 DE FEVEREIRO DE 2024.;2024-02-27;;Ativo
467840;44291;MARCOS SANDRO FIGUEIREDO ZACARIAS;Fiscal Técnico;PORTARIA Nº 46, DE 27 DE FEVEREIRO DE 2024.;2024-02-27;;Ativo
43493;44357;JOSE APARECIDO SILVA DE JESUS;Gestor;162;2019-12-09;;Ativo
43496;44357;MAIARA OLIVEIRA DINIZ;Gestor Substituto;162;2019-12-09;;Ativo
43499;44357;BIANCA CAROLINA GONÇALVES VIANA;Fiscal Técnico;162;2019-12-09;;Ativo
43500;44357;ANDREIA DE SOUZA PESSOA MATTO;Fiscal Técnico Substituto;162;2019-12-09;;Ativo
688495;446209;SUZY WIDER MACHADO;Fiscal Administrativo;03/2026;2026-01-05;;Ativo
446681;446240;DIEGO RESENDE PACHECO;Responsável no Setor Almoxarifado;PORTARIA Nº 1056, DE 25 DE AGOSTO DE 2023;2023-08-25;;Ativo
446675;446241;DIEGO RESENDE PACHECO;Responsável no Setor Almoxarifado;PORTARIA Nº 1056, DE 25 DE AGOSTO DE 2023;2023-08-25;;Ativo
446667;446242;DIEGO RESENDE PACHECO;Responsável no Setor Almoxarifado;PORTARIA Nº 1056, DE 25 DE AGOSTO DE 2023;2023-08-25;;Ativo
675528;446589;RICARDO ANTONIO PEREIRA VELHO;Gestor;4/2025;2025-01-27;;Ativo
675531;446589;NATALIA THAIS GONCALVES KOIYAMA;Gestor Substituto;4/2025;2025-01-27;;Ativo
462808;448269;MARA MARCIA DE OLIVEIRA VONO DE SANT ANA;Fiscal Titular;PORTARIA Nº 13, DE 7 DE FEVEREIRO DE 2025.;2025-02-07;;Ativo
462807;448269;RICARDO CARVALHO ANDRADE;Fiscal Substituto;PORTARIA Nº 13, DE 7 DE FEVEREIRO DE 2025.;2025-02-07;;Ativo
680752;457621;EVERTON CAIRES DA SILVA;Gestor;PORTARIA Nº 211, DE 21 DE FEVEREIRO DE 2025.;2025-02-21;;Ativo
680753;457621;DIEGO RESENDE PACHECO;Gestor Substituto;PORTARIA Nº 211, DE 21 DE FEVEREIRO DE 2025.;2025-02-21;;Ativo
458543;465880;DIEGO RESENDE PACHECO;Responsável no Setor Almoxarifado;PORTARIA Nº 1056, DE 25 DE AGOSTO DE 2023;2023-08-25;;Ativo
461898;471604;DIEGO RESENDE PACHECO;Responsável no Setor Almoxarifado;PORTARIA Nº 1056, DE 25 DE AGOSTO DE 2023;2023-08-25;;Ativo
464597;476289;DIEGO RESENDE PACHECO;Responsável no Setor Almoxarifado;PORTARIA Nº 1056, DE 25 DE AGOSTO DE 2023;2023-08-25;;Ativo
485617;480080;ALINE DA SILVA RIBEIRO PEREIRA;Gestor Substituto;PORTARIA Nº 8 DE 19 DE MARÇO DE 2025;2025-03-19;2025-11-03;Inativo
485614;480080;JENIFER SERRA LINO;Gestor;PORTARIA Nº 8 DE 19 DE MARÇO DE 2025;2025-03-19;2025-11-03;Inativo
485618;480080;MICHELL MARTINS LOPES;Gestor Substituto;PORTARIA Nº 8 DE 19 DE MARÇO DE 2025;2025-03-19;2025-11-03;Inativo
485772;480080;WESLLEY  DA SILVA PEREIRA DE ALMEIDA;Fiscal Técnico Substituto;PORTARIA Nº 8 DE 19 DE MARÇO DE 2025;2025-03-19;2025-11-03;Inativo
485770;480080;CLAUDIA CAZETTA JERONIMO SALVATINO;Fiscal Técnico;PORTARIA Nº 8 DE 19 DE MARÇO DE 2025;2025-03-19;2025-11-03;Inativo
485768;480080;WESLLEY  DA SILVA PEREIRA DE ALMEIDA;Fiscal Administrativo Substituto;PORTARIA Nº 8 DE 19 DE MARÇO DE 2025;2025-03-19;2025-11-03;Inativo
485619;480080;CLAUDIA CAZETTA JERONIMO SALVATINO;Fiscal Administrativo;PORTARIA Nº 8 DE 19 DE MARÇO DE 2025;2025-03-19;2025-11-03;Inativo
627908;480080;MICHELL MARTINS LOPES;Gestor;PORTARIA Nº 105 DE 3 DE NOVEMBRO DE 2025;2025-11-03;2026-01-13;Inativo
627910;480080;DANIEL COLMAN SANABRIA;Gestor Substituto;PORTARIA Nº 105 DE 3 DE NOVEMBRO DE 2025;2025-11-03;2026-01-13;Inativo
627914;480080;CLAUDIA CAZETTA JERONIMO SALVATINO;Fiscal Administrativo;PORTARIA Nº 105 DE 3 DE NOVEMBRO DE 2025;2025-11-03;2026-01-13;Inativo
627916;480080;WESLLEY  DA SILVA PEREIRA DE ALMEIDA;Fiscal Administrativo Substituto;PORTARIA Nº 105 DE 3 DE NOVEMBRO DE 2025;2025-11-03;2026-01-13;Inativo
627918;480080;CLAUDIA CAZETTA JERONIMO SALVATINO;Fiscal Técnico;PORTARIA Nº 105 DE 3 DE NOVEMBRO DE 2025;2025-11-03;2026-01-13;Inativo
627920;480080;WESLLEY  DA SILVA PEREIRA DE ALMEIDA;Fiscal Técnico Substituto;PORTARIA Nº 105 DE 3 DE NOVEMBRO DE 2025;2025-11-03;2026-01-13;Inativo
678488;480080;MICHELL MARTINS LOPES;Gestor;PORTARIA Nº 2 DE 13 DE JANEIRO DE 2026;2026-01-13;;Ativo
678489;480080;DANIEL COLMAN SANABRIA;Gestor Substituto;PORTARIA Nº 2 DE 13 DE JANEIRO DE 2026;2026-01-13;;Ativo
678490;480080;WESLLEY  DA SILVA PEREIRA DE ALMEIDA;Fiscal Técnico;PORTARIA Nº 2 DE 13 DE JANEIRO DE 2026;2026-01-13;;Ativo
678493;480080;WESLLEY  DA SILVA PEREIRA DE ALMEIDA;Fiscal Administrativo Substituto;PORTARIA Nº 2 DE 13 DE JANEIRO DE 2026;2026-01-13;;Ativo
678624;480080;WELLINTON DE MELO CUBILHA;Fiscal Técnico Substituto;PORTARIA Nº 2 DE 13 DE JANEIRO DE 2026;2026-01-13;;Ativo
678625;480080;WELLINTON DE MELO CUBILHA;Fiscal Administrativo;PORTARIA Nº 2 DE 13 DE JANEIRO DE 2026;2026-01-13;;Ativo
688315;483875;LIGIA ARNEDO PERASSA;Fiscal Substituto;15/2025;2025-03-12;;Ativo
691194;486149;JOÃO PAULO GONZALEZ GONCALVES;Fiscal Administrativo;19/2025;2025-05-28;;Ativo
681091;487118;LUCILEIDE RODRIGUES FURTADO;Gestor;PORTARIA Nº 9, DE 12 DE MARÇO DE 2025;2025-03-12;;Ativo
681092;487118;JANAYNA GARCIA CARVALHO BARBOSA;Gestor Substituto;PORTARIA Nº 9, DE 12 DE MARÇO DE 2025;2025-03-12;;Ativo
681093;487118;FABIO DIAS ROCHA;Fiscal Técnico;PORTARIA Nº 9, DE 12 DE MARÇO DE 2025;2025-03-12;;Ativo
681094;487118;TASSIO CASSIANO GARCIA MOURAO;Fiscal Técnico Substituto;PORTARIA Nº 9, DE 12 DE MARÇO DE 2025;2025-03-12;;Ativo
680933;491081;LAURA ARAÚJO DE OLIVEIRA LOPES;Fiscal Técnico Substituto;PORTARIA Nº 1058 DE 6 DE OUTUBRO DE 2025;2025-10-06;;Ativo
680927;491081;DIANA APARECIDA CARANJO;Fiscal Técnico;PORTARIA Nº 1058 DE 6 DE OUTUBRO DE 2025;2025-10-06;;Ativo
680947;491081;KAREN AYUMI KUBOTA CANDIDO;Fiscal Técnico Substituto;PORTARIA Nº 1058 DE 6 DE OUTUBRO DE 2025;2025-10-06;;Ativo
680949;491081;FABIANO DA ANUNCIAÇÃO CAMPOÇANO;Gestor;PORTARIA Nº 1058 DE 6 DE OUTUBRO DE 2025;2025-10-06;;Ativo
680953;491081;DIEGO TADEU DA SILVA;Gestor Substituto;PORTARIA Nº 1058 DE 6 DE OUTUBRO DE 2025;2025-10-06;;Ativo
680956;491081;JOAO OTAVIO CENEDEZI PIMENTA;Fiscal Administrativo;PORTARIA Nº 1058 DE 6 DE OUTUBRO DE 2025;2025-10-06;;Ativo
680957;491081;DILSON ALMEIDA DOS SANTOS;Fiscal Administrativo Substituto;PORTARIA Nº 1058 DE 6 DE OUTUBRO DE 2025;2025-10-06;;Ativo
681134;497651;ROSIANY AMORIM BENTO DA SILVA ALMEIDA;Fiscal Administrativo;PORTARIA Nº 22, DE 4 DE ABRIL DE 2025;2025-04-04;;Ativo
556645;497651;WAGNER SOUZA PRADO;Fiscal Administrativo Substituto;PORTARIA Nº 22, DE 4 DE ABRIL DE 2025;2025-04-04;;Ativo
511546;509688;CRISTIANO GONCALVES DRANKA;Fiscal Técnico Substituto;PORTARIA Nº 71, DE 13 DE MAIO DE 2025;2025-04-09;;Ativo
511541;509688;LIDIA RAMOS BELO;Fiscal Técnico;PORTARIA Nº 71, DE 13 DE MAIO DE 2025;2025-04-09;;Ativo
511534;509688;FLAVIANE PARREIRA PEREIRA ALVES;Gestor;PORTARIA Nº 71, DE 13 DE MAIO DE 2025;2025-04-09;;Ativo
511552;509688;GUSTAVO MEDINA ARAUJO;Gestor;PORTARIA Nº 71, DE 13 DE MAIO DE 2025;2025-04-09;;Ativo
511553;509688;RODRIGO DOS SANTOS ANGELINO;Gestor Substituto;PORTARIA Nº 71, DE 13 DE MAIO DE 2025;2025-04-09;;Ativo
572962;511783;WELLINGTON MARTINS LOUVEIRA;Gestor;PORTARIA JARDIM Nº 41/2025;2025-04-28;;Ativo
531164;513653;MICHELL MARTINS LOPES;Gestor;PORTARIA Nº 48 DE 5 DE JUNHO DE 2025;2025-06-05;;Ativo
531167;513653;DANIEL COLMAN SANABRIA;Gestor Substituto;PORTARIA Nº 48 DE 5 DE JUNHO DE 2025;2025-06-05;;Ativo
531169;513653;PEDRO JORGE CARDOSO DA SILVA RODRIGUES;Fiscal Administrativo;PORTARIA Nº 48 DE 5 DE JUNHO DE 2025;2025-06-05;;Ativo
531170;513653;WILLIAN PENANTE DA CRUZ;Fiscal Administrativo Substituto;PORTARIA Nº 48 DE 5 DE JUNHO DE 2025;2025-06-05;;Ativo
531172;513653;WILLIAN PENANTE DA CRUZ;Fiscal Técnico;PORTARIA Nº 48 DE 5 DE JUNHO DE 2025;2025-06-05;;Ativo
531785;513653;MARLI DOS SANTOS DE OLIVEIRA;Fiscal Substituto;PORTARIA Nº 48 DE 5 DE JUNHO DE 2025;2025-06-05;;Ativo
513781;520315;LAUTER REGIS DE AMORIM;Gestor;CB 36/2025;2025-05-21;;Ativo
513783;520315;LUCIANA SOARES MÁSSIA;Gestor Substituto;CB 36/2025;2025-05-20;;Ativo
580884;520408;ALEX PEREIRA DO CARMO;Gestor;PORTARIA - PONTA PORÃ 43/2025;2025-05-29;;Ativo
580888;520408;RICARDO ANTONIO PEREIRA VELHO;Gestor Substituto;PORTARIA - PONTA PORÃ 43/2025;2025-05-29;;Ativo
681096;520418;MARIA JOSE VASCONCELOS PEREIRA;Gestor;PORTARIA Nº 59, DE 11 DE JUNHO DE 2025.;2025-06-11;;Ativo
681097;520418;EDER SANTOS GOUVEIA;Gestor Substituto;PORTARIA Nº 59, DE 11 DE JUNHO DE 2025.;2025-06-11;;Ativo
681100;520418;EVA MARIA TESTA TELES;Fiscal Técnico;PORTARIA Nº 59, DE 11 DE JUNHO DE 2025.;2025-06-11;;Ativo
681101;520418;EVA MARIA TESTA TELES;Fiscal Administrativo;PORTARIA Nº 59, DE 11 DE JUNHO DE 2025.;2025-06-11;;Ativo
681102;520418;LEILA DA SILVA SANTOS;Fiscal Técnico Substituto;PORTARIA Nº 59, DE 11 DE JUNHO DE 2025.;2025-06-11;;Ativo
681103;520418;LEILA DA SILVA SANTOS;Fiscal Administrativo Substituto;PORTARIA Nº 59, DE 11 DE JUNHO DE 2025.;2025-06-11;;Ativo
519291;522201;ALINE GOMES DE OLIVEIRA;Fiscal Administrativo;33;2025-04-10;;Ativo
519292;522201;ANSELMO SILVA SOCORRO;Gestor;33;2025-04-10;;Ativo
519294;522201;SORAY MESQUITA RODOVALHO GONÇALVES;Fiscal Administrativo Substituto;33;2025-04-10;;Ativo
519298;522201;GEZIEL RODRIGUES DE ANDRADE;Fiscal Técnico Substituto;33;2025-04-10;;Ativo
519302;522201;EDILSON SOARES DE PALMA;Fiscal Técnico;33;2025-04-10;;Ativo
519303;522201;CRISTINA KEIKO HONDA;Gestor Substituto;33;2025-04-10;;Ativo
610332;522210;SERGIO PAULO DE SOUZA;Apoio Administrativo;;2025-09-01;;Ativo
685164;522210;MARIANA LUIZE DOS SANTOS;Gestor;PORTARIA Nº 094, DE 25 DE SETEMBRO DE 2025;2025-09-25;;Ativo
685167;522210;ROBERTA DE ALMEIDA SORANO TROPALDI;Gestor Substituto;PORTARIA Nº 094, DE 25 DE SETEMBRO DE 2025;2025-09-25;;Ativo
681119;535878;WELLINGTON MARTINS LOUVEIRA;Gestor;PORTARIA Nº 519, DE 16 DE MAIO DE 2025;2025-05-16;;Ativo
681120;535878;MARIA LUISA DA COSTA MARQUES;Gestor Substituto;PORTARIA Nº 519, DE 16 DE MAIO DE 2025;2025-05-16;;Ativo
681121;535878;FATIMA APARECIDA LIMA DA SILVA;Fiscal Administrativo;PORTARIA Nº 519, DE 16 DE MAIO DE 2025;2025-05-16;;Ativo
681122;535878;VINICIUS PEREIRA BARRETO;Fiscal Administrativo Substituto;PORTARIA Nº 519, DE 16 DE MAIO DE 2025;2025-05-16;;Ativo
681123;535878;VINICIUS PEREIRA BARRETO;Fiscal Setorial;PORTARIA Nº 519, DE 16 DE MAIO DE 2025;2025-05-16;;Ativo
681124;535878;FATIMA APARECIDA LIMA DA SILVA;Fiscal Setorial Substituto;PORTARIA Nº 519, DE 16 DE MAIO DE 2025;2025-05-16;;Ativo
681129;535878;GIANE APARECIDA MOURA DA SILVA;Fiscal Setorial;PORTARIA Nº 519, DE 16 DE MAIO DE 2025;2025-05-16;;Ativo
681131;535878;ADRIANA DE MELO MIRANDA;Fiscal Setorial Substituto;PORTARIA Nº 519, DE 16 DE MAIO DE 2025;2025-05-16;;Ativo
541200;538916;MARIA LUISA DA COSTA MARQUES;Gestor Substituto;1274/2024;2025-07-09;;Ativo
520082;541845;FLAVIANE PARREIRA PEREIRA ALVES;Gestor;PORTARIA Nº 86, DE 31 DE MAIO DE 2025;2025-05-16;;Ativo
520083;541845;GUSTAVO MEDINA ARAUJO;Gestor;PORTARIA Nº 86, DE 31 DE MAIO DE 2025;2025-05-16;;Ativo
520084;541845;RODRIGO DOS SANTOS ANGELINO;Gestor Substituto;PORTARIA Nº 86, DE 31 DE MAIO DE 2025;2025-05-16;;Ativo
656041;560632;MICHELL MARTINS LOPES;Gestor;PORTARIA Nº 61 DE 18 DE JUNHO DE 2025;2025-06-18;;Ativo
656043;560632;JENIFER SERRA LINO;Gestor Substituto;PORTARIA Nº 61 DE 18 DE JUNHO DE 2025;2025-06-18;;Ativo
656045;560632;PAULA RENATA CAMESCHI DE SOUZA;Fiscal Titular;PORTARIA Nº 61 DE 18 DE JUNHO DE 2025;2025-06-18;;Ativo
656046;560632;CLAUDIA CAZETTA JERONIMO SALVATINO;Fiscal Substituto;PORTARIA Nº 61 DE 18 DE JUNHO DE 2025;2025-06-18;;Ativo
526270;568904;DANIEL COLMAN SANABRIA;Gestor;PORTARIA Nº 40 DE 27 DE MAIO DE 2025;2025-05-27;;Ativo
526271;568904;CLAUDIA CAZETTA JERONIMO SALVATINO;Gestor Substituto;PORTARIA Nº 40 DE 27 DE MAIO DE 2025;2025-05-27;;Ativo
526272;568904;PAULA RENATA CAMESCHI DE SOUZA;Fiscal Técnico;PORTARIA Nº 40 DE 27 DE MAIO DE 2025;2025-05-27;;Ativo
526273;568904;CLAUDIA CAZETTA JERONIMO SALVATINO;Fiscal Substituto;PORTARIA Nº 40 DE 27 DE MAIO DE 2025;2025-05-27;;Ativo
526258;568906;DANIEL COLMAN SANABRIA;Gestor;PORTARIA Nº 38 DE 27 DE MAIO DE 2025;2025-05-27;;Ativo
526259;568906;CLAUDIA CAZETTA JERONIMO SALVATINO;Gestor Substituto;PORTARIA Nº 38 DE 27 DE MAIO DE 2025;2025-05-27;;Ativo
526261;568906;PAULA RENATA CAMESCHI DE SOUZA;Fiscal Titular;PORTARIA Nº 38 DE 27 DE MAIO DE 2025;2025-05-27;;Ativo
526264;568906;CLAUDIA CAZETTA JERONIMO SALVATINO;Fiscal Substituto;PORTARIA Nº 38 DE 27 DE MAIO DE 2025;2025-05-27;;Ativo
526265;568908;DANIEL COLMAN SANABRIA;Gestor;PORTARIA Nº 39 DE 27 DE MAIO DE 2025;2025-05-27;;Ativo
526266;568908;CLAUDIA CAZETTA JERONIMO SALVATINO;Gestor Substituto;PORTARIA Nº 39 DE 27 DE MAIO DE 2025;2025-05-27;;Ativo
526268;568908;CLAUDIA CAZETTA JERONIMO SALVATINO;Fiscal Substituto;PORTARIA Nº 39 DE 27 DE MAIO DE 2025;2025-05-27;;Ativo
526267;568908;PAULA RENATA CAMESCHI DE SOUZA;Fiscal Titular;PORTARIA Nº 39 DE 27 DE MAIO DE 2025;2025-05-27;;Ativo
688477;585317;ADACIR LUIZ LOURENCO DE MORAES;Fiscal Administrativo;54/2025;2025-07-07;;Ativo
688479;585317;JULIUS CESAR CERQUEIRA SILVA;Fiscal Substituto;54/2025;2025-07-07;;Ativo
541201;587802;MARIA LUISA DA COSTA MARQUES;Responsável no Setor de Contratos;1274/2024;2025-07-09;;Ativo
546062;587802;WELLINGTON MARTINS LOUVEIRA;Gestor Substituto;45/2025;2025-07-10;;Ativo
546064;587802;MARA RUBIA ALVES FRANCO DE ALBUQUERQUE;Gestor;45/2025;2025-07-10;;Ativo
599122;595492;ANDREIA DE SOUZA PESSOA MATTO;Gestor;101;2025-09-22;;Ativo
599123;595492;LUCILEIDE RODRIGUES FURTADO;Gestor Substituto;101;2025-09-22;;Ativo
599124;595492;ANDRE LUIZ BARBOSA;Fiscal Técnico;101;2025-09-22;;Ativo
599125;595492;LUCILEIDE RODRIGUES FURTADO;Fiscal Técnico Substituto;101;2025-09-22;;Ativo
685675;608337;LAURA DE SOUZA FERNANDES RAMOS;Gestor;CB 91/2025;2025-11-14;;Ativo
685677;608337;CELLY NATALY CAVALCANTE DE SOUZA;Gestor Substituto;CB 105/2025;2025-11-14;;Ativo
685678;608337;MARISMAR ANUNCIAÇÃO SANTANA;Fiscal Técnico Substituto;CB 105/2025;2025-11-14;;Ativo
685820;608337;JOÃO PEDRO TAVARES DE LIMA;Fiscal Técnico;CB 105/2025;2025-11-14;;Ativo
599118;608477;ANDREIA DE SOUZA PESSOA MATTO;Gestor;102;2025-09-22;;Ativo
599119;608477;LUCILEIDE RODRIGUES FURTADO;Gestor Substituto;102;2025-09-22;;Ativo
599120;608477;ANDRE LUIZ BARBOSA;Fiscal Técnico;102;2025-09-22;;Ativo
599121;608477;LUCILEIDE RODRIGUES FURTADO;Fiscal Técnico Substituto;102;2025-09-22;;Ativo
590248;616289;MICHELL MARTINS LOPES;Gestor Substituto;86/2025;2025-09-01;;Ativo
590254;616289;DOUGLAS TAVARES DA SILVA;Fiscal Técnico Substituto;86/2025;2025-09-01;;Ativo
590270;616289;AMAURI BAPTISTA BOLZANI;Fiscal Técnico;86/2025;2025-09-01;;Ativo
590239;616289;DANIEL COLMAN SANABRIA;Gestor;86/2025;2025-09-01;;Ativo
571518;628974;FLAVIANE PARREIRA PEREIRA ALVES;Gestor;PORTARIA Nº 1079 DE 1 DE SETEMBRO DE 2022;2025-03-25;;Ativo
660474;643724;CELLY NATALY CAVALCANTE DE SOUZA;Fiscal Requisitante Substituto;CB 111/2025;2025-12-10;;Ativo
660472;643724;WAGNER SOUZA PRADO;Gestor;CB 111/2025;2025-12-10;;Ativo
660473;643724;LAURA DE SOUZA FERNANDES RAMOS;Fiscal Requisitante;CB 111/2025;2025-12-10;;Ativo
663477;643724;MIRIAM OLIVEIRA ESPINDOLA;Gestor Substituto;111/2025;2025-12-10;;Ativo
591750;649772;FLAVIANE PARREIRA PEREIRA ALVES;Gestor;PORTARIA N 1110 DOU 12/09/2022;2025-09-12;;Ativo
604126;660346;LUCILEIDE RODRIGUES FURTADO;Gestor;105;2025-10-01;;Ativo
604127;660346;ANDRE LUIZ BARBOSA;Fiscal Técnico;105;2025-10-01;;Ativo
604174;660346;PAULA GIANICI TEIXEIRA DOS SANTOS HOLZ;Gestor Substituto;105;2025-10-01;;Inativo
604177;660346;PAULA GIANICI TEIXEIRA DOS SANTOS HOLZ;Fiscal Técnico Substituto;105;2025-10-01;;Inativo
419054;66168;EDSON ALVES DE SOUZA;Gestor;PORTARIA Nº 001, DE 21 DE JANEIRO DE 2021;2020-12-23;;Ativo
641439;706194;FLAVIANE PARREIRA PEREIRA ALVES;Gestor;PORTARIA N.º 1.110 DOU 12/09/2022;2025-11-24;;Ativo
681113;715163;MARIA JOSE VASCONCELOS PEREIRA;Gestor;PORTARIA Nº 141, DE 17 DE NOVEMBRO DE 2025.;2025-11-17;;Ativo
681114;715163;MARIANNE PAULA GONÇALVES DE ANDRADE;Gestor Substituto;PORTARIA Nº 141, DE 17 DE NOVEMBRO DE 2025.;2025-11-17;;Ativo
681115;715163;APARECIDO BRUNETTI ARANTE DE SOUZA;Fiscal Titular;PORTARIA Nº 141, DE 17 DE NOVEMBRO DE 2025.;2025-11-17;;Ativo
681116;715163;MARCOS SANDRO FIGUEIREDO ZACARIAS;Fiscal Substituto;PORTARIA Nº 141, DE 17 DE NOVEMBRO DE 2025.;2025-11-17;;Ativo
681109;715296;MARIA JOSE VASCONCELOS PEREIRA;Gestor;PORTARIA Nº 142, DE 17 DE NOVEMBRO DE 2025.;2025-11-17;;Ativo
681110;715296;MARIANNE PAULA GONÇALVES DE ANDRADE;Gestor Substituto;PORTARIA Nº 142, DE 17 DE NOVEMBRO DE 2025.;2025-11-17;;Ativo
681111;715296;APARECIDO BRUNETTI ARANTE DE SOUZA;Fiscal Titular;PORTARIA Nº 142, DE 17 DE NOVEMBRO DE 2025.;2025-11-17;;Ativo
681112;715296;MARCOS SANDRO FIGUEIREDO ZACARIAS;Fiscal Substituto;PORTARIA Nº 142, DE 17 DE NOVEMBRO DE 2025.;2025-11-17;;Ativo
681105;715432;MARIA JOSE VASCONCELOS PEREIRA;Gestor;PORTARIA Nº 138, DE 14 DE NOVEMBRO DE 2025.;2025-11-14;;Ativo
681106;715432;MARIANNE PAULA GONÇALVES DE ANDRADE;Gestor Substituto;PORTARIA Nº 138, DE 14 DE NOVEMBRO DE 2025.;2025-11-14;;Ativo
681107;715432;APARECIDO BRUNETTI ARANTE DE SOUZA;Fiscal Titular;PORTARIA Nº 138, DE 14 DE NOVEMBRO DE 2025.;2025-11-14;;Ativo
681108;715432;MARCOS SANDRO FIGUEIREDO ZACARIAS;Fiscal Substituto;PORTARIA Nº 138, DE 14 DE NOVEMBRO DE 2025.;2025-11-14;;Ativo
44714;71644;MAIARA OLIVEIRA DINIZ;Gestor;163;2019-12-10;;Ativo
44716;71644;JOSE APARECIDO SILVA DE JESUS;Gestor Substituto;163;2019-12-10;;Ativo
44718;71644;BIANCA CAROLINA GONÇALVES VIANA;Fiscal Técnico;163;2019-12-10;;Ativo
44719;71644;ANDREIA DE SOUZA PESSOA MATTO;Fiscal Técnico Substituto;163;2019-12-10;;Ativo
50457;71812;ERIKE DE CASTRO COSTA;Gestor;1271 DE 9 DE DEZEMBRO DE 2020;2020-12-09;;Ativo
50458;71812;LUIZ RICARDO JUNQUEIRA DE LIMA;Gestor Substituto;1271 DE 9 DE DEZEMBRO DE 2020;2020-12-09;;Ativo
121424;71836;JANAYNA GARCIA CARVALHO BARBOSA;Gestor Substituto;3, DE 7 DE FEVEREIRO DE 2022;2022-02-07;;Ativo
50294;71836;VERA LUCIA DE OLIVEIRA SONCHINE;Fiscal Técnico Substituto;02, DE 19 DE JANEIRO DE 2021;2018-05-04;2022-02-06;Inativo
50291;71836;JANAYNA GARCIA CARVALHO BARBOSA;Gestor Substituto;47, DE 04 DE MAIO DE 2018;2018-05-04;2021-01-18;Inativo
70049;71836;JEAN CARLOS SALOMAO SOUZA ALVES;Gestor Substituto;02, DE 19 DE JANEIRO DE 2021;2021-01-19;2022-02-06;Inativo
50290;71836;LUCILEIDE RODRIGUES FURTADO;Gestor;3, DE 7 DE FEVEREIRO DE 2022;2022-02-07;;Ativo
50292;71836;FABIO DIAS ROCHA;Fiscal Técnico;3, DE 7 DE FEVEREIRO DE 2022;2022-02-07;;Ativo
121425;71836;TASSIO CASSIANO GARCIA MOURAO;Fiscal Técnico Substituto;3, DE 7 DE FEVEREIRO DE 2022;2022-02-07;;Ativo
461993;71838;EDER SANTOS GOUVEIA;Gestor;PORTARIA Nº 166, DE 23 DE DEZEMBRO DE 2024.;2024-12-23;;Ativo
461996;71838;MARIA JOSE VASCONCELOS PEREIRA;Fiscal Administrativo;PORTARIA Nº 166, DE 23 DE DEZEMBRO DE 2024.;2024-12-23;;Ativo
47173;71854;JEAN CARLOS SALOMAO SOUZA ALVES;Gestor;89;2021-08-25;2022-02-17;Inativo
47168;71854;ANDREIA DE SOUZA PESSOA MATTO;Gestor;81, DE 15 DE SETEMBRO DE 2020;2020-09-15;2021-04-27;Inativo
132917;71854;GIULIANO SACOMAN DE BARROS;Gestor Substituto;6;2022-02-17;;Ativo
47176;71854;SANDRA DA SILVA COSTA;Fiscal Técnico Substituto;32;2021-04-27;2021-08-25;Inativo
47175;71854;LUIZ RICARDO JUNQUEIRA DE LIMA;Gestor Substituto;89;2021-08-25;;Ativo
70493;71854;ERIKE DE CASTRO COSTA;Fiscal Técnico;89;2021-08-25;;Ativo
94440;71854;LUCILEIDE RODRIGUES FURTADO;Fiscal Técnico Substituto;89;2021-08-25;;Ativo
50420;71866;ALINE GOMES DE OLIVEIRA;Gestor;28, DE 27 DE FEVEREIRO DE 2020;2020-02-27;;Ativo
50423;71866;LUIZ RICARDO JUNQUEIRA DE LIMA;Fiscal Técnico;28, DE 27 DE FEVEREIRO DE 2020;2020-02-27;;Ativo
50425;71866;JOSE APARECIDO SILVA DE JESUS;Fiscal Técnico Substituto;28, DE 27 DE FEVEREIRO DE 2020;2020-02-27;;Ativo
132919;71866;SORAY MESQUITA RODOVALHO GONÇALVES;Gestor Substituto;8;2022-02-23;;Ativo
50422;71866;JEAN CARLOS SALOMAO SOUZA ALVES;Gestor Substituto;28, DE 27 DE FEVEREIRO DE 2020;2020-02-27;2022-02-23;Ativo
42308;71940;TASSIO CASSIANO GARCIA MOURAO;Fiscal Técnico Substituto;2;2022-02-07;;Ativo
42304;71940;LUCILEIDE RODRIGUES FURTADO;Gestor;2;2022-02-07;;Ativo
121247;71940;JANAYNA GARCIA CARVALHO BARBOSA;Gestor Substituto;2;2022-02-07;;Ativo
42307;71940;LAURA ELISA DOS SANTOS;Fiscal Técnico;2;2022-02-07;;Ativo
42305;71940;JEAN CARLOS SALOMAO SOUZA ALVES;Gestor Substituto;1;2021-01-19;2022-02-06;Inativo
43514;71986;ELISANGELA TORRES MELO;Gestor;79;2020-09-10;;Ativo
43517;71986;TASSIO CASSIANO GARCIA MOURAO;Gestor Substituto;79;2020-09-10;;Ativo
43520;71986;JOSE APARECIDO SILVA DE JESUS;Fiscal Técnico;79;2020-09-10;;Ativo
107282;71986;CAROLINE APARECIDA SAMPAIO GUIMARAES DE MORAES;Fiscal Técnico Substituto;79;2020-09-10;;Ativo
462017;72001;RICARDO CARVALHO ANDRADE;Gestor;PORTARIA Nº 13, DE 7 DE FEVEREIRO DE 2025.;2025-02-07;;Ativo
462020;72001;MARA MARCIA DE OLIVEIRA VONO DE SANT ANA;Fiscal Administrativo;PORTARIA Nº 13, DE 7 DE FEVEREIRO DE 2025.;2025-02-07;;Ativo
685692;720345;ALEXANDRE DA SILVA HASSAN;Fiscal Técnico Substituto;CB 108/2025;2025-11-19;;Ativo
685695;720345;GABRIEL SOUZA CAVALCANTE DE MAGALHÃES;Gestor;CB 108/2025;2025-11-19;;Ativo
685698;720345;GABRIEL SOUZA CAVALCANTE DE MAGALHÃES;Fiscal Técnico;CB 108/2025;2025-11-19;;Ativo
685700;720345;CELLY NATALY CAVALCANTE DE SOUZA;Gestor Substituto;CB 108/2025;2025-11-19;;Ativo
655999;724134;JENIFER SERRA LINO;Gestor;PORTARIA Nº 108 DE 27 DE NOVEMBRO DE 2025;2025-11-27;;Ativo
656002;724134;MICHELL MARTINS LOPES;Gestor Substituto;PORTARIA Nº 108 DE 27 DE NOVEMBRO DE 2025;2025-11-27;;Ativo
656006;724134;AMAURI BAPTISTA BOLZANI;Fiscal Técnico;PORTARIA Nº 108 DE 27 DE NOVEMBRO DE 2025;2025-11-27;;Ativo
656009;724134;DOUGLAS TAVARES DA SILVA;Fiscal Técnico Substituto;PORTARIA Nº 108 DE 27 DE NOVEMBRO DE 2025;2025-11-27;;Ativo
685367;730365;ANDREIA DE SOUZA PESSOA MATTO;Gestor;116;2025-11-28;;Ativo
685368;730365;PAULA GIANICI TEIXEIRA DOS SANTOS HOLZ;Gestor Substituto;116;2025-11-28;;Ativo
685369;730365;LUCILEIDE RODRIGUES FURTADO;Fiscal Técnico;116;2025-11-28;;Ativo
685370;730365;ANDRE LUIZ BARBOSA;Fiscal Técnico Substituto;116;2025-11-28;;Ativo
670446;748083;JESSICA ALINE LINNE;Gestor Substituto;25;2026-01-07;;Ativo
670447;748083;PAULO GUSTAVO HEMMEL GARCIA;Fiscal Técnico Substituto;25;2026-01-07;;Ativo
670421;748083;SORAY MESQUITA RODOVALHO GONÇALVES;Gestor;25;2026-01-07;;Ativo
670432;748083;GIULIANO SACOMAN DE BARROS;Fiscal Técnico;25;2026-01-07;;Ativo
679518;748083;ELVIS LEANDRO DOS SANTOS;Fiscal Setorial;25;2026-01-15;;Ativo
679519;748083;JOÃO PAULO GONZALEZ GONCALVES;Fiscal Setorial Substituto;25;2026-01-15;;Ativo
674816;749015;VERONICA VANELI PAGNAN;Gestor;2;2026-01-09;;Ativo
674817;749015;LUCILEIDE RODRIGUES FURTADO;Gestor Substituto;2;2026-01-09;;Ativo
674818;749015;FLAVIA BARBOSA SANTANA;Fiscal Administrativo;2;2026-01-09;;Ativo
674819;749015;ELISANGELA TORRES MELO;Fiscal Administrativo Substituto;2;2026-01-09;;Ativo
674820;749015;WESLEY CORREA DA SILVA;Fiscal Técnico;2;2026-01-09;;Ativo
674821;749015;ANDRE LUIZ BARBOSA;Fiscal Técnico Substituto;2;2026-01-09;;Ativo
674822;749015;GLEISON NUNES JARDIM;Fiscal Técnico Substituto;2;2026-01-09;;Ativo
688486;758619;ALLAN TONIAZZO DE MATOS;Fiscal Administrativo;02/2026;2026-01-05;;Ativo
688488;758619;LUÍS VITOR NEVES DE OLIVEIRA;Fiscal Substituto;02/2026;2026-01-05;;Ativo
679563;766422;FABIANO DA ANUNCIAÇÃO CAMPOÇANO;Gestor;18;2026-01-09;;Ativo
679722;766422;DIEGO TADEU DA SILVA;Gestor Substituto;18;2026-01-09;;Ativo
679724;766422;ANDREIA DE SOUZA PESSOA MATTO;Fiscal Administrativo;18;2026-01-09;;Ativo
679725;766422;PAULA GIANICI TEIXEIRA DOS SANTOS HOLZ;Fiscal Administrativo Substituto;18;2026-01-09;;Ativo
674810;767798;PAULA GIANICI TEIXEIRA DOS SANTOS HOLZ;Gestor;3;2026-01-12;;Ativo
674811;767798;ANDREIA DE SOUZA PESSOA MATTO;Gestor Substituto;3;2026-01-12;;Ativo
674812;767798;FLAVIO BECKER;Fiscal Administrativo;3;2026-01-12;;Ativo
674813;767798;ALYSON SOUZA DOS SANTOS;Fiscal Administrativo Substituto;3;2026-01-12;;Ativo
674814;767798;LUIZ RICARDO JUNQUEIRA DE LIMA;Fiscal Técnico;3;2026-01-12;;Ativo
674815;767798;SANDRA DA SILVA COSTA;Fiscal Técnico Substituto;3;2026-01-12;;Ativo
681117;774470;APARECIDO BRUNETTI ARANTE DE SOUZA;Fiscal Titular;PORTARIA Nº 1, DE 14 DE JANEIRO DE 2026.;2026-01-14;;Ativo
681118;774470;MARCOS SANDRO FIGUEIREDO ZACARIAS;Fiscal Substituto;PORTARIA Nº 1, DE 14 DE JANEIRO DE 2026.;2026-01-14;;Ativo
693256;787881;CELLY NATALY CAVALCANTE DE SOUZA;Gestor;CB 6/2026;2026-02-12;;Ativo
693257;787881;LAURA DE SOUZA FERNANDES RAMOS;Gestor Substituto;CB 6/2026;2026-02-12;;Ativo
693258;787881;ROSIANY AMORIM BENTO DA SILVA ALMEIDA;Fiscal Técnico;CB 6/2026;2026-02-12;;Ativo
702055;809741;MICHELL MARTINS LOPES;Gestor;PORTARIA Nº 15 DE 3 DE MARÇO DE 2026;2026-03-03;;Ativo
702057;809741;JENIFER SERRA LINO;Gestor Substituto;PORTARIA Nº 15 DE 3 DE MARÇO DE 2026;2026-03-03;;Ativo
702060;809741;CLAUDIA CAZETTA JERONIMO SALVATINO;Fiscal Substituto;PORTARIA Nº 15 DE 3 DE MARÇO DE 2026;2026-03-03;;Ativo
702058;809741;PAULA RENATA CAMESCHI DE SOUZA;Fiscal Titular;PORTARIA Nº 15 DE 3 DE MARÇO DE 2026;2026-03-03;;Ativo
691139;82432;JOÃO PAULO GONZALEZ GONCALVES;Fiscal Titular;07/2021;2021-02-25;;Ativo
691142;82432;ELVIS LEANDRO DOS SANTOS;Fiscal Substituto;07/2021;2021-02-25;;Ativo
43635;85612;WELLINGTON MARTINS LOUVEIRA;Gestor;01;2020-12-31;;Ativo
475224;89894;AMAURI BAPTISTA BOLZANI;Fiscal Técnico;PORTARIA Nº 4 DE 12 DE JULHO DE 2024;2024-07-12;;Ativo
532213;89894;MICHELL MARTINS LOPES;Gestor;PORTARIA Nº 4 DE 12 DE JULHO DE 2024;2024-07-12;;Ativo
532189;89894;DOUGLAS TAVARES DA SILVA;Fiscal Técnico Substituto;PORTARIA Nº 4 DE 12 DE JULHO DE 2024;2024-07-12;;Ativo
532214;89894;ALINE DA SILVA RIBEIRO PEREIRA;Gestor Substituto;PORTARIA Nº 4 DE 12 DE JULHO DE 2024;2024-07-04;;Inativo
363869;89903;GLAUBER CORREA DA COSTA FLORES RIBEIRO DE CARVALHO;Gestor;VERIFICAR PORTARIA;2024-09-19;;Ativo
360238;89903;ALEXANDRE REZENDE DE SA;Fiscal Técnico;PORTARIA Nº 65, DE 30 DE AGOSTO DE 2024;2024-08-21;;Ativo
360239;89903;ERMERSON DE OLIVEIRA MORAES;Fiscal Técnico Substituto;PORTARIA Nº 65, DE 30 DE AGOSTO DE 2024;2024-08-21;;Ativo
52728;90822;ANDREIA DE SOUZA PESSOA MATTO;Fiscal Técnico;30;2020-02-28;2020-10-20;Inativo
52720;90822;LAURA ELISA DOS SANTOS;Gestor;99;2020-02-28;;Ativo
52727;90822;ALINE GOMES DE OLIVEIRA;Gestor Substituto;99;2020-02-28;;Ativo
107289;90822;JOÃO DOS SANTOS MENEZES;Fiscal Técnico Substituto;99;2021-10-21;;Inativo
52730;90822;MIRIAM CRISTINA DA SILVA GOMES;Fiscal Técnico Substituto;30;2020-02-28;2021-10-20;Inativo
107288;90822;JOEMAR MENDES REGO;Fiscal Técnico;99;2021-10-21;;Inativo
467831;94895;JOAO ALACI PEREIRA LIMA;Fiscal Titular;PORTARIA Nº 39, DE 13 DE ABRIL DE 2022.;2022-04-13;;Ativo
477177;94895;MARA MARCIA DE OLIVEIRA VONO DE SANT ANA;Fiscal Substituto;PORTARIA Nº 29, DE 18 DE MARÇO DE 2025.;2025-03-18;;Ativo
